,r,t,fc
0,0.1000,1.0,0.51
0,0.1000,2.0,0.51
0,0.1000,3.0,0.5
0,0.1000,4.0,0.5
0,0.1000,5.0,0.49
0,0.1000,6.0,0.48
0,0.1000,7.0,0.48
0,0.1000,8.0,0.48
0,0.1000,9.0,0.48
0,0.1000,10.0,0.47
0,0.1000,11.0,0.47
0,0.1000,12.0,0.47
0,0.1000,13.0,0.47
0,0.1000,14.0,0.47
0,0.1000,15.0,0.47
0,0.1000,16.0,0.48
0,0.1000,17.0,0.48
0,0.1000,18.0,0.49
0,0.1000,19.0,0.5
0,0.1000,20.0,0.5
0,0.1000,21.0,0.5
0,0.1000,22.0,0.5
0,0.1000,23.0,0.5
0,0.1000,24.0,0.5
0,0.1000,25.0,0.5
0,0.1000,26.0,0.5
0,0.1000,27.0,0.5
0,0.1000,28.0,0.5
0,0.1000,29.0,0.5
0,0.1000,30.0,0.49
0,0.1000,31.0,0.49
0,0.1000,32.0,0.49
0,0.1000,33.0,0.49
0,0.1000,34.0,0.49
0,0.1000,35.0,0.49
0,0.1000,36.0,0.5
0,0.1000,37.0,0.5
0,0.1000,38.0,0.51
0,0.1000,39.0,0.51
0,0.1000,40.0,0.5
0,0.1000,41.0,0.5
0,0.1000,42.0,0.49
0,0.1000,43.0,0.49
0,0.1000,44.0,0.49
0,0.1000,45.0,0.48
0,0.1000,46.0,0.48
0,0.1000,47.0,0.48
0,0.1000,48.0,0.48
0,0.1000,49.0,0.48
0,0.1000,50.0,0.48
0,0.1000,51.0,0.48
0,0.1000,52.0,0.47
0,0.1000,53.0,0.47
0,0.1000,54.0,0.47
0,0.1000,55.0,0.46
0,0.1000,56.0,0.46
0,0.1000,57.0,0.46
0,0.1000,58.0,0.45
0,0.1000,59.0,0.45
0,0.1000,60.0,0.44
0,0.1000,61.0,0.43
0,0.1000,62.0,0.43
0,0.1000,63.0,0.43
0,0.1000,64.0,0.43
0,0.1000,65.0,0.43
0,0.1000,66.0,0.43
0,0.1000,67.0,0.43
0,0.1000,68.0,0.43
0,0.1000,69.0,0.43
0,0.1000,70.0,0.43
0,0.1000,71.0,0.43
0,0.1000,72.0,0.43
0,0.1000,73.0,0.43
0,0.1000,74.0,0.43
0,0.1000,75.0,0.43
0,0.1000,76.0,0.43
0,0.1000,77.0,0.42
0,0.1000,78.0,0.43
0,0.1000,79.0,0.43
0,0.1000,80.0,0.42
0,0.1000,81.0,0.42
0,0.1000,82.0,0.42
0,0.1000,83.0,0.42
0,0.1000,84.0,0.42
0,0.1000,85.0,0.42
0,0.1000,86.0,0.41
0,0.1000,87.0,0.41
0,0.1000,88.0,0.41
0,0.1000,89.0,0.41
0,0.1000,90.0,0.41
0,0.1000,91.0,0.41
0,0.1000,92.0,0.42
0,0.1000,93.0,0.42
0,0.1000,94.0,0.42
0,0.1000,95.0,0.42
0,0.1000,96.0,0.41
0,0.1000,97.0,0.41
0,0.1000,98.0,0.41
0,0.1000,99.0,0.41
0,0.1000,100.0,0.41
0,0.1000,101.0,0.41
0,0.1000,102.0,0.41
0,0.1000,103.0,0.4
0,0.1000,104.0,0.4
0,0.1000,105.0,0.4
0,0.1000,106.0,0.4
0,0.1000,107.0,0.4
0,0.1000,108.0,0.4
0,0.1000,109.0,0.39
0,0.1000,110.0,0.39
0,0.1000,111.0,0.39
0,0.1000,112.0,0.38
0,0.1000,113.0,0.38
0,0.1000,114.0,0.37
0,0.1000,115.0,0.37
0,0.1000,116.0,0.37
0,0.1000,117.0,0.37
0,0.1000,118.0,0.37
0,0.1000,119.0,0.37
0,0.1000,120.0,0.37
0,0.1000,121.0,0.37
0,0.1000,122.0,0.37
0,0.1000,123.0,0.38
0,0.1000,124.0,0.38
0,0.1000,125.0,0.38
0,0.1000,126.0,0.38
0,0.1000,127.0,0.38
0,0.1000,128.0,0.38
0,0.1000,129.0,0.38
0,0.1000,130.0,0.38
0,0.1000,131.0,0.38
0,0.1000,132.0,0.38
0,0.1000,133.0,0.39
0,0.1000,134.0,0.39
0,0.1000,135.0,0.39
0,0.1000,136.0,0.39
0,0.1000,137.0,0.39
0,0.1000,138.0,0.39
0,0.1000,139.0,0.39
0,0.1000,140.0,0.39
0,0.1000,141.0,0.39
0,0.1000,142.0,0.39
0,0.1000,143.0,0.39
0,0.1000,144.0,0.38
0,0.1000,145.0,0.37
0,0.1000,146.0,0.37
0,0.1000,147.0,0.37
0,0.1000,148.0,0.37
0,0.1000,149.0,0.37
0,0.1000,150.0,0.37
0,0.1000,151.0,0.36
0,0.1000,152.0,0.36
0,0.1000,153.0,0.36
0,0.1000,154.0,0.36
0,0.1000,155.0,0.36
0,0.1000,156.0,0.37
0,0.1000,157.0,0.37
0,0.1000,158.0,0.37
0,0.1000,159.0,0.37
0,0.1000,160.0,0.37
0,0.1000,161.0,0.37
0,0.1000,162.0,0.37
0,0.1000,163.0,0.36
0,0.1000,164.0,0.36
0,0.1000,165.0,0.36
0,0.1000,166.0,0.36
0,0.1000,167.0,0.36
0,0.1000,168.0,0.36
0,0.1000,169.0,0.36
0,0.1000,170.0,0.36
0,0.1000,171.0,0.36
0,0.1000,172.0,0.36
0,0.1000,173.0,0.36
0,0.1000,174.0,0.36
0,0.1000,175.0,0.35
0,0.1000,176.0,0.35
0,0.1000,177.0,0.34
0,0.1000,178.0,0.35
0,0.1000,179.0,0.34
0,0.1000,180.0,0.34
0,0.1000,181.0,0.33
0,0.1000,182.0,0.33
0,0.1000,183.0,0.33
0,0.1000,184.0,0.33
0,0.1000,185.0,0.33
0,0.1000,186.0,0.33
0,0.1000,187.0,0.33
0,0.1000,188.0,0.32
0,0.1000,189.0,0.32
0,0.1000,190.0,0.32
0,0.1000,191.0,0.32
0,0.1000,192.0,0.32
0,0.1000,193.0,0.32
0,0.1000,194.0,0.32
0,0.1000,195.0,0.32
0,0.1000,196.0,0.32
0,0.1000,197.0,0.32
0,0.1000,198.0,0.32
0,0.1000,199.0,0.32
0,0.1000,200.0,0.32
0,0.1000,201.0,0.32
0,0.1000,202.0,0.32
0,0.1000,203.0,0.32
0,0.1000,204.0,0.32
0,0.1000,205.0,0.32
0,0.1000,206.0,0.32
0,0.1000,207.0,0.32
0,0.1000,208.0,0.32
0,0.1000,209.0,0.32
0,0.1000,210.0,0.31
0,0.1000,211.0,0.3
0,0.1000,212.0,0.3
0,0.1000,213.0,0.3
0,0.1000,214.0,0.3
0,0.1000,215.0,0.29
0,0.1000,216.0,0.29
0,0.1000,217.0,0.29
0,0.1000,218.0,0.29
0,0.1000,219.0,0.29
0,0.1000,220.0,0.29
0,0.1000,221.0,0.29
0,0.1000,222.0,0.29
0,0.1000,223.0,0.29
0,0.1000,224.0,0.28
0,0.1000,225.0,0.28
0,0.1000,226.0,0.27
0,0.1000,227.0,0.27
0,0.1000,228.0,0.27
0,0.1000,229.0,0.27
0,0.1000,230.0,0.27
0,0.1000,231.0,0.27
0,0.1000,232.0,0.27
0,0.1000,233.0,0.27
0,0.1000,234.0,0.27
0,0.1000,235.0,0.27
0,0.1000,236.0,0.27
0,0.1000,237.0,0.27
0,0.1000,238.0,0.27
0,0.1000,239.0,0.27
0,0.1000,240.0,0.27
0,0.1000,241.0,0.27
0,0.1000,242.0,0.27
0,0.1000,243.0,0.27
0,0.1000,244.0,0.27
0,0.1000,245.0,0.27
0,0.1000,246.0,0.27
0,0.1000,247.0,0.26
0,0.1000,248.0,0.26
0,0.1000,249.0,0.26
0,0.1000,250.0,0.26
0,0.1000,251.0,0.26
0,0.1000,252.0,0.25
0,0.1000,253.0,0.25
0,0.1000,254.0,0.25
0,0.1000,255.0,0.25
0,0.1000,256.0,0.25
0,0.1000,257.0,0.25
0,0.1000,258.0,0.25
0,0.1000,259.0,0.24
0,0.1000,260.0,0.24
0,0.1000,261.0,0.25
0,0.1000,262.0,0.25
0,0.1000,263.0,0.25
0,0.1000,264.0,0.25
0,0.1000,265.0,0.25
0,0.1000,266.0,0.25
0,0.1000,267.0,0.25
0,0.1000,268.0,0.24
0,0.1000,269.0,0.24
0,0.1000,270.0,0.24
0,0.1000,271.0,0.24
0,0.1000,272.0,0.23
0,0.1000,273.0,0.22
0,0.1000,274.0,0.23
0,0.1000,275.0,0.23
0,0.1000,276.0,0.23
0,0.1000,277.0,0.24
0,0.1000,278.0,0.24
0,0.1000,279.0,0.24
0,0.1000,280.0,0.24
0,0.1000,281.0,0.24
0,0.1000,282.0,0.24
0,0.1000,283.0,0.24
0,0.1000,284.0,0.24
0,0.1000,285.0,0.24
0,0.1000,286.0,0.24
0,0.1000,287.0,0.24
0,0.1000,288.0,0.23
0,0.1000,289.0,0.23
0,0.1000,290.0,0.23
0,0.1000,291.0,0.23
0,0.1000,292.0,0.22
0,0.1000,293.0,0.22
0,0.1000,294.0,0.22
0,0.1000,295.0,0.21
0,0.1000,296.0,0.21
0,0.1000,297.0,0.21
0,0.1000,298.0,0.21
0,0.1000,299.0,0.21
0,0.1000,300.0,0.21
0,0.1000,301.0,0.22
0,0.1000,302.0,0.22
0,0.1000,303.0,0.22
0,0.1000,304.0,0.22
0,0.1000,305.0,0.23
0,0.1000,306.0,0.23
0,0.1000,307.0,0.23
0,0.1000,308.0,0.23
0,0.1000,309.0,0.23
0,0.1000,310.0,0.24
0,0.1000,311.0,0.24
0,0.1000,312.0,0.24
0,0.1000,313.0,0.24
0,0.1000,314.0,0.24
0,0.1000,315.0,0.24
0,0.1000,316.0,0.23
0,0.1000,317.0,0.23
0,0.1000,318.0,0.23
0,0.1000,319.0,0.23
0,0.1000,320.0,0.23
0,0.1000,321.0,0.23
0,0.1000,322.0,0.22
0,0.1000,323.0,0.22
0,0.1000,324.0,0.22
0,0.1000,325.0,0.22
0,0.1000,326.0,0.22
0,0.1000,327.0,0.22
0,0.1000,328.0,0.22
0,0.1000,329.0,0.22
0,0.1000,330.0,0.22
0,0.1000,331.0,0.22
0,0.1000,332.0,0.22
0,0.1000,333.0,0.22
0,0.1000,334.0,0.22
0,0.1000,335.0,0.22
0,0.1000,336.0,0.21
0,0.1000,337.0,0.21
0,0.1000,338.0,0.21
0,0.1000,339.0,0.21
0,0.1000,340.0,0.22
0,0.1000,341.0,0.22
0,0.1000,342.0,0.22
0,0.1000,343.0,0.22
0,0.1000,344.0,0.22
0,0.1000,345.0,0.22
0,0.1000,346.0,0.22
0,0.1000,347.0,0.22
0,0.1000,348.0,0.22
0,0.1000,349.0,0.21
0,0.1000,350.0,0.21
0,0.1000,351.0,0.2
0,0.1000,352.0,0.2
0,0.1000,353.0,0.2
0,0.1000,354.0,0.2
0,0.1000,355.0,0.2
0,0.1000,356.0,0.2
0,0.1000,357.0,0.2
0,0.1000,358.0,0.2
0,0.1000,359.0,0.19
0,0.1000,360.0,0.19
0,0.1000,361.0,0.19
0,0.1000,362.0,0.19
0,0.1000,363.0,0.19
0,0.1000,364.0,0.19
0,0.1000,365.0,0.19
0,0.1000,366.0,0.19
0,0.1000,367.0,0.19
0,0.1000,368.0,0.19
0,0.1000,369.0,0.19
0,0.1000,370.0,0.19
0,0.1000,371.0,0.19
0,0.1000,372.0,0.19
0,0.1000,373.0,0.19
0,0.1000,374.0,0.19
0,0.1000,375.0,0.19
0,0.1000,376.0,0.19
0,0.1000,377.0,0.19
0,0.1000,378.0,0.19
0,0.1000,379.0,0.19
0,0.1000,380.0,0.19
0,0.1000,381.0,0.19
0,0.1000,382.0,0.2
0,0.1000,383.0,0.2
0,0.1000,384.0,0.19
0,0.1000,385.0,0.19
0,0.1000,386.0,0.19
0,0.1000,387.0,0.19
0,0.1000,388.0,0.19
0,0.1000,389.0,0.19
0,0.1000,390.0,0.19
0,0.1000,391.0,0.19
0,0.1000,392.0,0.19
0,0.1000,393.0,0.19
0,0.1000,394.0,0.19
0,0.1000,395.0,0.19
0,0.1000,396.0,0.19
0,0.1000,397.0,0.19
0,0.1000,398.0,0.19
0,0.1000,399.0,0.19
0,0.1000,400.0,0.19
0,0.1000,401.0,0.19
0,0.1000,402.0,0.19
0,0.1000,403.0,0.19
0,0.1000,404.0,0.19
0,0.1000,405.0,0.18
0,0.1000,406.0,0.18
0,0.1000,407.0,0.18
0,0.1000,408.0,0.18
0,0.1000,409.0,0.18
0,0.1000,410.0,0.17
0,0.1000,411.0,0.17
0,0.1000,412.0,0.17
0,0.1000,413.0,0.17
0,0.1000,414.0,0.17
0,0.1000,415.0,0.17
0,0.1000,416.0,0.17
0,0.1000,417.0,0.17
0,0.1000,418.0,0.17
0,0.1000,419.0,0.17
0,0.1000,420.0,0.17
0,0.1000,421.0,0.17
0,0.1000,422.0,0.17
0,0.1000,423.0,0.17
0,0.1000,424.0,0.17
0,0.1000,425.0,0.17
0,0.1000,426.0,0.17
0,0.1000,427.0,0.17
0,0.1000,428.0,0.17
0,0.1000,429.0,0.17
0,0.1000,430.0,0.17
0,0.1000,431.0,0.17
0,0.1000,432.0,0.16
0,0.1000,433.0,0.16
0,0.1000,434.0,0.16
0,0.1000,435.0,0.16
0,0.1000,436.0,0.15
0,0.1000,437.0,0.15
0,0.1000,438.0,0.15
0,0.1000,439.0,0.15
0,0.1000,440.0,0.15
0,0.1000,441.0,0.15
0,0.1000,442.0,0.15
0,0.1000,443.0,0.15
0,0.1000,444.0,0.14
0,0.1000,445.0,0.14
0,0.1000,446.0,0.14
0,0.1000,447.0,0.14
0,0.1000,448.0,0.14
0,0.1000,449.0,0.14
0,0.1000,450.0,0.14
0,0.1000,451.0,0.14
0,0.1000,452.0,0.14
0,0.1000,453.0,0.14
0,0.1000,454.0,0.14
0,0.1000,455.0,0.14
0,0.1000,456.0,0.14
0,0.1000,457.0,0.14
0,0.1000,458.0,0.14
0,0.1000,459.0,0.14
0,0.1000,460.0,0.14
0,0.1000,461.0,0.14
0,0.1000,462.0,0.13
0,0.1000,463.0,0.13
0,0.1000,464.0,0.13
0,0.1000,465.0,0.13
0,0.1000,466.0,0.13
0,0.1000,467.0,0.13
0,0.1000,468.0,0.13
0,0.1000,469.0,0.13
0,0.1000,470.0,0.13
0,0.1000,471.0,0.13
0,0.1000,472.0,0.13
0,0.1000,473.0,0.13
0,0.1000,474.0,0.13
0,0.1000,475.0,0.13
0,0.1000,476.0,0.13
0,0.1000,477.0,0.12
0,0.1000,478.0,0.12
0,0.1000,479.0,0.12
0,0.1000,480.0,0.12
0,0.1000,481.0,0.11
0,0.1000,482.0,0.11
0,0.1000,483.0,0.11
0,0.1000,484.0,0.11
0,0.1000,485.0,0.1
0,0.1000,486.0,0.1
0,0.1000,487.0,0.1
0,0.1000,488.0,0.1
0,0.1000,489.0,0.1
0,0.1000,490.0,0.1
0,0.1000,491.0,0.1
0,0.1000,492.0,0.1
0,0.1000,493.0,0.1
0,0.1000,494.0,0.1
0,0.1000,495.0,0.1
0,0.1000,496.0,0.1
0,0.1000,497.0,0.1
0,0.1000,498.0,0.1
0,0.1000,499.0,0.1
0,0.1000,500.0,0.1
0,0.1000,501.0,0.1
0,0.1000,502.0,0.1
0,0.1000,503.0,0.1
0,0.1000,504.0,0.1
0,0.1000,505.0,0.1
0,0.1000,506.0,0.1
0,0.1000,507.0,0.09
0,0.1000,508.0,0.09
0,0.1000,509.0,0.09
0,0.1000,510.0,0.09
0,0.1000,511.0,0.09
0,0.1000,512.0,0.09
0,0.1000,513.0,0.09
0,0.1000,514.0,0.09
0,0.1000,515.0,0.09
0,0.1000,516.0,0.09
0,0.1000,517.0,0.09
0,0.1000,518.0,0.09
0,0.1000,519.0,0.09
0,0.1000,520.0,0.09
0,0.1000,521.0,0.09
0,0.1000,522.0,0.09
0,0.1000,523.0,0.09
0,0.1000,524.0,0.09
0,0.1000,525.0,0.09
0,0.1000,526.0,0.09
0,0.1000,527.0,0.09
0,0.1000,528.0,0.09
0,0.1000,529.0,0.09
0,0.1000,530.0,0.09
0,0.1000,531.0,0.09
0,0.1000,532.0,0.09
0,0.1000,533.0,0.09
0,0.1000,534.0,0.09
0,0.1000,535.0,0.09
0,0.1000,536.0,0.09
0,0.1000,537.0,0.09
0,0.1000,538.0,0.09
0,0.1000,539.0,0.09
0,0.1000,540.0,0.09
0,0.1000,541.0,0.09
0,0.1000,542.0,0.09
0,0.1000,543.0,0.09
0,0.1000,544.0,0.09
0,0.1000,545.0,0.09
0,0.1000,546.0,0.09
0,0.1000,547.0,0.09
0,0.1000,548.0,0.09
0,0.1000,549.0,0.08
0,0.1000,550.0,0.08
0,0.1000,551.0,0.08
0,0.1000,552.0,0.08
0,0.1000,553.0,0.08
0,0.1000,554.0,0.08
0,0.1000,555.0,0.08
0,0.1000,556.0,0.08
0,0.1000,557.0,0.08
0,0.1000,558.0,0.08
0,0.1000,559.0,0.08
0,0.1000,560.0,0.08
0,0.1000,561.0,0.08
0,0.1000,562.0,0.08
0,0.1000,563.0,0.08
0,0.1000,564.0,0.07
0,0.1000,565.0,0.07
0,0.1000,566.0,0.07
0,0.1000,567.0,0.07
0,0.1000,568.0,0.07
0,0.1000,569.0,0.07
0,0.1000,570.0,0.07
0,0.1000,571.0,0.07
0,0.1000,572.0,0.07
0,0.1000,573.0,0.07
0,0.1000,574.0,0.07
0,0.1000,575.0,0.07
0,0.1000,576.0,0.07
0,0.1000,577.0,0.07
0,0.1000,578.0,0.07
0,0.1000,579.0,0.07
0,0.1000,580.0,0.07
0,0.1000,581.0,0.07
0,0.1000,582.0,0.07
0,0.1000,583.0,0.07
0,0.1000,584.0,0.07
0,0.1000,585.0,0.07
0,0.1000,586.0,0.07
0,0.1000,587.0,0.07
0,0.1000,588.0,0.06
0,0.1000,589.0,0.06
0,0.1000,590.0,0.06
0,0.1000,591.0,0.06
0,0.1000,592.0,0.06
0,0.1000,593.0,0.06
0,0.1000,594.0,0.06
0,0.1000,595.0,0.06
0,0.1000,596.0,0.06
0,0.1000,597.0,0.06
0,0.1000,598.0,0.06
0,0.1000,599.0,0.06
0,0.1000,600.0,0.06
0,0.1000,601.0,0.06
0,0.1000,602.0,0.07
0,0.1000,603.0,0.07
0,0.1000,604.0,0.07
0,0.1000,605.0,0.07
0,0.1000,606.0,0.07
0,0.1000,607.0,0.07
0,0.1000,608.0,0.07
0,0.1000,609.0,0.07
0,0.1000,610.0,0.07
0,0.1000,611.0,0.07
0,0.1000,612.0,0.07
0,0.1000,613.0,0.07
0,0.1000,614.0,0.07
0,0.1000,615.0,0.07
0,0.1000,616.0,0.07
0,0.1000,617.0,0.07
0,0.1000,618.0,0.07
0,0.1000,619.0,0.07
0,0.1000,620.0,0.07
0,0.1000,621.0,0.07
0,0.1000,622.0,0.07
0,0.1000,623.0,0.07
0,0.1000,624.0,0.07
0,0.1000,625.0,0.07
0,0.1000,626.0,0.07
0,0.1000,627.0,0.07
0,0.1000,628.0,0.07
0,0.1000,629.0,0.07
0,0.1000,630.0,0.07
0,0.1000,631.0,0.07
0,0.1000,632.0,0.07
0,0.1000,633.0,0.07
0,0.1000,634.0,0.07
0,0.1000,635.0,0.07
0,0.1000,636.0,0.07
0,0.1000,637.0,0.07
0,0.1000,638.0,0.06
0,0.1000,639.0,0.06
0,0.1000,640.0,0.06
0,0.1000,641.0,0.06
0,0.1000,642.0,0.06
0,0.1000,643.0,0.06
0,0.1000,644.0,0.06
0,0.1000,645.0,0.06
0,0.1000,646.0,0.06
0,0.1000,647.0,0.06
0,0.1000,648.0,0.06
0,0.1000,649.0,0.06
0,0.1000,650.0,0.06
0,0.1000,651.0,0.06
0,0.1000,652.0,0.06
0,0.1000,653.0,0.06
0,0.1000,654.0,0.06
0,0.1000,655.0,0.06
0,0.1000,656.0,0.06
0,0.1000,657.0,0.06
0,0.1000,658.0,0.06
0,0.1000,659.0,0.06
0,0.1000,660.0,0.06
0,0.1000,661.0,0.06
0,0.1000,662.0,0.06
0,0.1000,663.0,0.06
0,0.1000,664.0,0.06
0,0.1000,665.0,0.06
0,0.1000,666.0,0.06
0,0.1000,667.0,0.06
0,0.1000,668.0,0.06
0,0.1000,669.0,0.06
0,0.1000,670.0,0.06
0,0.1000,671.0,0.06
0,0.1000,672.0,0.06
0,0.1000,673.0,0.06
0,0.1000,674.0,0.06
0,0.1000,675.0,0.06
0,0.1000,676.0,0.06
0,0.1000,677.0,0.06
0,0.1000,678.0,0.06
0,0.1000,679.0,0.06
0,0.1000,680.0,0.06
0,0.1000,681.0,0.06
0,0.1000,682.0,0.06
0,0.1000,683.0,0.06
0,0.1000,684.0,0.06
0,0.1000,685.0,0.06
0,0.1000,686.0,0.06
0,0.1000,687.0,0.06
0,0.1000,688.0,0.06
0,0.1000,689.0,0.06
0,0.1000,690.0,0.06
0,0.1000,691.0,0.06
0,0.1000,692.0,0.06
0,0.1000,693.0,0.06
0,0.1000,694.0,0.06
0,0.1000,695.0,0.06
0,0.1000,696.0,0.06
0,0.1000,697.0,0.06
0,0.1000,698.0,0.06
0,0.1000,699.0,0.06
0,0.1000,700.0,0.06
0,0.1000,701.0,0.06
0,0.1000,702.0,0.06
0,0.1000,703.0,0.06
0,0.1000,704.0,0.06
0,0.1000,705.0,0.06
0,0.1000,706.0,0.06
0,0.1000,707.0,0.06
0,0.1000,708.0,0.06
0,0.1000,709.0,0.07
0,0.1000,710.0,0.07
0,0.1000,711.0,0.07
0,0.1000,712.0,0.07
0,0.1000,713.0,0.07
0,0.1000,714.0,0.07
0,0.1000,715.0,0.07
0,0.1000,716.0,0.07
0,0.1000,717.0,0.07
0,0.1000,718.0,0.06
0,0.1000,719.0,0.06
0,0.1000,720.0,0.06
0,0.1000,721.0,0.06
0,0.1000,722.0,0.06
0,0.1000,723.0,0.06
0,0.1000,724.0,0.06
0,0.1000,725.0,0.06
0,0.1000,726.0,0.05
0,0.1000,727.0,0.05
0,0.1000,728.0,0.05
0,0.1000,729.0,0.05
0,0.1000,730.0,0.06
0,0.1000,731.0,0.06
0,0.1000,732.0,0.06
0,0.1000,733.0,0.06
0,0.1000,734.0,0.06
0,0.1000,735.0,0.06
0,0.1000,736.0,0.06
0,0.1000,737.0,0.06
0,0.1000,738.0,0.06
0,0.1000,739.0,0.05
0,0.1000,740.0,0.05
0,0.1000,741.0,0.05
0,0.1000,742.0,0.05
0,0.1000,743.0,0.05
0,0.1000,744.0,0.05
0,0.1000,745.0,0.05
0,0.1000,746.0,0.05
0,0.1000,747.0,0.05
0,0.1000,748.0,0.05
0,0.1000,749.0,0.05
0,0.1000,750.0,0.05
0,0.1000,751.0,0.05
0,0.1000,752.0,0.05
0,0.1000,753.0,0.05
0,0.1000,754.0,0.05
0,0.1000,755.0,0.05
0,0.1000,756.0,0.05
0,0.1000,757.0,0.05
0,0.1000,758.0,0.05
0,0.1000,759.0,0.05
0,0.1000,760.0,0.04
0,0.1000,761.0,0.04
0,0.1000,762.0,0.04
0,0.1000,763.0,0.04
0,0.1000,764.0,0.04
0,0.1000,765.0,0.04
0,0.1000,766.0,0.04
0,0.1000,767.0,0.04
0,0.1000,768.0,0.04
0,0.1000,769.0,0.04
0,0.1000,770.0,0.04
0,0.1000,771.0,0.04
0,0.1000,772.0,0.04
0,0.1000,773.0,0.04
0,0.1000,774.0,0.04
0,0.1000,775.0,0.04
0,0.1000,776.0,0.04
0,0.1000,777.0,0.05
0,0.1000,778.0,0.05
0,0.1000,779.0,0.05
0,0.1000,780.0,0.05
0,0.1000,781.0,0.05
0,0.1000,782.0,0.05
0,0.1000,783.0,0.05
0,0.1000,784.0,0.05
0,0.1000,785.0,0.05
0,0.1000,786.0,0.05
0,0.1000,787.0,0.05
0,0.1000,788.0,0.05
0,0.1000,789.0,0.05
0,0.1000,790.0,0.05
0,0.1000,791.0,0.05
0,0.1000,792.0,0.05
0,0.1000,793.0,0.05
0,0.1000,794.0,0.05
0,0.1000,795.0,0.05
0,0.1000,796.0,0.05
0,0.1000,797.0,0.05
0,0.1000,798.0,0.05
0,0.1000,799.0,0.05
0,0.1000,800.0,0.05
0,0.1000,801.0,0.05
0,0.1000,802.0,0.05
0,0.1000,803.0,0.05
0,0.1000,804.0,0.05
0,0.1000,805.0,0.05
0,0.1000,806.0,0.06
0,0.1000,807.0,0.06
0,0.1000,808.0,0.06
0,0.1000,809.0,0.06
0,0.1000,810.0,0.06
0,0.1000,811.0,0.06
0,0.1000,812.0,0.06
0,0.1000,813.0,0.05
0,0.1000,814.0,0.05
0,0.1000,815.0,0.05
0,0.1000,816.0,0.05
0,0.1000,817.0,0.05
0,0.1000,818.0,0.05
0,0.1000,819.0,0.05
0,0.1000,820.0,0.04
0,0.1000,821.0,0.04
0,0.1000,822.0,0.04
0,0.1000,823.0,0.04
0,0.1000,824.0,0.04
0,0.1000,825.0,0.04
0,0.1000,826.0,0.04
0,0.1000,827.0,0.04
0,0.1000,828.0,0.04
0,0.1000,829.0,0.04
0,0.1000,830.0,0.04
0,0.1000,831.0,0.04
0,0.1000,832.0,0.04
0,0.1000,833.0,0.04
0,0.1000,834.0,0.04
0,0.1000,835.0,0.04
0,0.1000,836.0,0.04
0,0.1000,837.0,0.04
0,0.1000,838.0,0.04
0,0.1000,839.0,0.04
0,0.1000,840.0,0.04
0,0.1000,841.0,0.04
0,0.1000,842.0,0.04
0,0.1000,843.0,0.04
0,0.1000,844.0,0.04
0,0.1000,845.0,0.04
0,0.1000,846.0,0.04
0,0.1000,847.0,0.04
0,0.1000,848.0,0.04
0,0.1000,849.0,0.04
0,0.1000,850.0,0.04
0,0.1000,851.0,0.04
0,0.1000,852.0,0.04
0,0.1000,853.0,0.04
0,0.1000,854.0,0.03
0,0.1000,855.0,0.03
0,0.1000,856.0,0.03
0,0.1000,857.0,0.03
0,0.1000,858.0,0.03
0,0.1000,859.0,0.03
0,0.1000,860.0,0.03
0,0.1000,861.0,0.03
0,0.1000,862.0,0.03
0,0.1000,863.0,0.03
0,0.1000,864.0,0.03
0,0.1000,865.0,0.03
0,0.1000,866.0,0.03
0,0.1000,867.0,0.03
0,0.1000,868.0,0.03
0,0.1000,869.0,0.03
0,0.1000,870.0,0.03
0,0.1000,871.0,0.03
0,0.1000,872.0,0.03
0,0.1000,873.0,0.03
0,0.1000,874.0,0.03
0,0.1000,875.0,0.03
0,0.1000,876.0,0.03
0,0.1000,877.0,0.03
0,0.1000,878.0,0.03
0,0.1000,879.0,0.03
0,0.1000,880.0,0.03
0,0.1000,881.0,0.03
0,0.1000,882.0,0.03
0,0.1000,883.0,0.03
0,0.1000,884.0,0.03
0,0.1000,885.0,0.03
0,0.1000,886.0,0.03
0,0.1000,887.0,0.03
0,0.1000,888.0,0.03
0,0.1000,889.0,0.03
0,0.1000,890.0,0.03
0,0.1000,891.0,0.03
0,0.1000,892.0,0.03
0,0.1000,893.0,0.03
0,0.1000,894.0,0.03
0,0.1000,895.0,0.03
0,0.1000,896.0,0.03
0,0.1000,897.0,0.02
0,0.1000,898.0,0.02
0,0.1000,899.0,0.02
0,0.1000,900.0,0.02
0,0.1000,901.0,0.02
0,0.1000,902.0,0.02
0,0.1000,903.0,0.02
0,0.1000,904.0,0.02
0,0.1000,905.0,0.02
0,0.1000,906.0,0.02
0,0.1000,907.0,0.02
0,0.1000,908.0,0.02
0,0.1000,909.0,0.02
0,0.1000,910.0,0.02
0,0.1000,911.0,0.02
0,0.1000,912.0,0.02
0,0.1000,913.0,0.02
0,0.1000,914.0,0.02
0,0.1000,915.0,0.02
0,0.1000,916.0,0.02
0,0.1000,917.0,0.02
0,0.1000,918.0,0.02
0,0.1000,919.0,0.02
0,0.1000,920.0,0.02
0,0.1000,921.0,0.02
0,0.1000,922.0,0.02
0,0.1000,923.0,0.02
0,0.1000,924.0,0.02
0,0.1000,925.0,0.02
0,0.1000,926.0,0.02
0,0.1000,927.0,0.02
0,0.1000,928.0,0.02
0,0.1000,929.0,0.02
0,0.1000,930.0,0.02
0,0.1000,931.0,0.02
0,0.1000,932.0,0.02
0,0.1000,933.0,0.02
0,0.1000,934.0,0.02
0,0.1000,935.0,0.02
0,0.1000,936.0,0.02
0,0.1000,937.0,0.02
0,0.1000,938.0,0.02
0,0.1000,939.0,0.02
0,0.1000,940.0,0.02
0,0.1000,941.0,0.02
0,0.1000,942.0,0.02
0,0.1000,943.0,0.02
0,0.1000,944.0,0.02
0,0.1000,945.0,0.01
0,0.1000,946.0,0.01
0,0.1000,947.0,0.01
0,0.1000,948.0,0.01
0,0.1000,949.0,0.01
0,0.1000,950.0,0.01
0,0.1000,951.0,0.01
0,0.1000,952.0,0.01
0,0.1000,953.0,0.01
0,0.1000,954.0,0.01
0,0.1000,955.0,0.01
0,0.1000,956.0,0.01
0,0.1000,957.0,0.01
0,0.1000,958.0,0.01
0,0.1000,959.0,0.01
0,0.1000,960.0,0.01
0,0.1000,961.0,0.01
0,0.1000,962.0,0.01
0,0.1000,963.0,0.01
0,0.1000,964.0,0.01
0,0.1000,965.0,0.01
0,0.1000,966.0,0.01
0,0.1000,967.0,0.01
0,0.1000,968.0,0.01
0,0.1000,969.0,0.01
0,0.1000,970.0,0.01
0,0.1000,971.0,0.01
0,0.1000,972.0,0.01
0,0.1000,973.0,0.01
0,0.1000,974.0,0.01
0,0.1000,975.0,0.01
0,0.1000,976.0,0.01
0,0.1000,977.0,0.01
0,0.1000,978.0,0.01
0,0.1000,979.0,0.01
0,0.1000,980.0,0.01
0,0.1000,981.0,0.01
0,0.1000,982.0,0.01
0,0.1000,983.0,0.01
0,0.1000,984.0,0.01
0,0.1000,985.0,0.01
0,0.1000,986.0,0.01
0,0.1000,987.0,0.01
0,0.1000,988.0,0.01
0,0.1000,989.0,0.01
0,0.1000,990.0,0.01
0,0.1000,991.0,0.01
0,0.1000,992.0,0.01
0,0.1000,993.0,0.01
0,0.1000,994.0,0.01
0,0.1000,995.0,0.01
0,0.1000,996.0,0.02
0,0.1000,997.0,0.02
0,0.1000,998.0,0.02
0,0.1000,999.0,0.02
0,0.1000,1000.0,0.02
0,0.1000,1001.0,0.02
0,0.1000,1002.0,0.02
0,0.1000,1003.0,0.02
0,0.1000,1004.0,0.02
0,0.1000,1005.0,0.02
0,0.1000,1006.0,0.02
0,0.1000,1007.0,0.02
0,0.1000,1008.0,0.02
0,0.1000,1009.0,0.02
0,0.1000,1010.0,0.02
0,0.1000,1011.0,0.02
0,0.1000,1012.0,0.02
0,0.1000,1013.0,0.02
0,0.1000,1014.0,0.02
0,0.1000,1015.0,0.02
0,0.1000,1016.0,0.02
0,0.1000,1017.0,0.02
0,0.1000,1018.0,0.02
0,0.1000,1019.0,0.02
0,0.1000,1020.0,0.02
0,0.1000,1021.0,0.02
0,0.1000,1022.0,0.02
0,0.1000,1023.0,0.02
0,0.1000,1024.0,0.03
0,0.1000,1025.0,0.03
0,0.1000,1026.0,0.03
0,0.1000,1027.0,0.03
0,0.1000,1028.0,0.03
0,0.1000,1029.0,0.03
0,0.1000,1030.0,0.03
0,0.1000,1031.0,0.03
0,0.1000,1032.0,0.03
0,0.1000,1033.0,0.03
0,0.1000,1034.0,0.03
0,0.1000,1035.0,0.03
0,0.1000,1036.0,0.03
0,0.1000,1037.0,0.03
0,0.1000,1038.0,0.03
0,0.1000,1039.0,0.03
0,0.1000,1040.0,0.03
0,0.1000,1041.0,0.03
0,0.1000,1042.0,0.03
0,0.1000,1043.0,0.02
0,0.1000,1044.0,0.02
0,0.1000,1045.0,0.02
0,0.1000,1046.0,0.02
0,0.1000,1047.0,0.02
0,0.1000,1048.0,0.02
0,0.1000,1049.0,0.02
0,0.1000,1050.0,0.02
0,0.1000,1051.0,0.02
0,0.1000,1052.0,0.02
0,0.1000,1053.0,0.02
0,0.1000,1054.0,0.02
0,0.1000,1055.0,0.02
0,0.1000,1056.0,0.02
0,0.1000,1057.0,0.02
0,0.1000,1058.0,0.02
0,0.1000,1059.0,0.02
0,0.1000,1060.0,0.02
0,0.1000,1061.0,0.02
0,0.1000,1062.0,0.02
0,0.1000,1063.0,0.02
0,0.1000,1064.0,0.02
0,0.1000,1065.0,0.02
0,0.1000,1066.0,0.02
0,0.1000,1067.0,0.02
0,0.1000,1068.0,0.02
0,0.1000,1069.0,0.02
0,0.1000,1070.0,0.02
0,0.1000,1071.0,0.02
0,0.1000,1072.0,0.02
0,0.1000,1073.0,0.02
0,0.1000,1074.0,0.02
0,0.1000,1075.0,0.02
0,0.1000,1076.0,0.02
0,0.1000,1077.0,0.02
0,0.1000,1078.0,0.02
0,0.1000,1079.0,0.02
0,0.1000,1080.0,0.02
0,0.1000,1081.0,0.02
0,0.1000,1082.0,0.02
0,0.1000,1083.0,0.02
0,0.1000,1084.0,0.02
0,0.1000,1085.0,0.02
0,0.1000,1086.0,0.02
0,0.1000,1087.0,0.02
0,0.1000,1088.0,0.02
0,0.1000,1089.0,0.02
0,0.1000,1090.0,0.02
0,0.1000,1091.0,0.02
0,0.1000,1092.0,0.02
0,0.1000,1093.0,0.02
0,0.1000,1094.0,0.02
0,0.1000,1095.0,0.02
0,0.1000,1096.0,0.01
0,0.1000,1097.0,0.01
0,0.1000,1098.0,0.01
0,0.1000,1099.0,0.01
0,0.1000,1100.0,0.01
0,0.1000,1101.0,0.01
0,0.1000,1102.0,0.01
0,0.1000,1103.0,0.01
0,0.1000,1104.0,0.01
0,0.1000,1105.0,0.01
0,0.1000,1106.0,0.01
0,0.1000,1107.0,0.01
0,0.1000,1108.0,0.01
0,0.1000,1109.0,0.01
0,0.1000,1110.0,0.01
0,0.1000,1111.0,0.01
0,0.1000,1112.0,0.01
0,0.1000,1113.0,0.01
0,0.1000,1114.0,0.01
0,0.1000,1115.0,0.01
0,0.1000,1116.0,0.01
0,0.1000,1117.0,0.01
0,0.1000,1118.0,0.01
0,0.1000,1119.0,0.01
0,0.1000,1120.0,0.01
0,0.1000,1121.0,0.01
0,0.1000,1122.0,0.01
0,0.1000,1123.0,0.01
0,0.1000,1124.0,0.01
0,0.1000,1125.0,0.01
0,0.1000,1126.0,0.01
0,0.1000,1127.0,0.01
0,0.1000,1128.0,0.01
0,0.1000,1129.0,0.01
0,0.1000,1130.0,0.01
0,0.1000,1131.0,0.01
0,0.1000,1132.0,0.01
0,0.1000,1133.0,0.01
0,0.1000,1134.0,0.01
0,0.1000,1135.0,0.01
0,0.1000,1136.0,0.01
0,0.1000,1137.0,0.01
0,0.1000,1138.0,0.01
0,0.1000,1139.0,0.01
0,0.1000,1140.0,0.01
0,0.1000,1141.0,0.01
0,0.1000,1142.0,0.01
0,0.1000,1143.0,0.01
0,0.1000,1144.0,0.01
0,0.1000,1145.0,0.01
0,0.1000,1146.0,0.01
0,0.1000,1147.0,0.01
0,0.1000,1148.0,0.01
0,0.1000,1149.0,0.01
0,0.1000,1150.0,0.01
0,0.1000,1151.0,0.01
0,0.1000,1152.0,0.01
0,0.1000,1153.0,0.02
0,0.1000,1154.0,0.02
0,0.1000,1155.0,0.02
0,0.1000,1156.0,0.02
0,0.1000,1157.0,0.02
0,0.1000,1158.0,0.02
0,0.1000,1159.0,0.02
0,0.1000,1160.0,0.02
0,0.1000,1161.0,0.02
0,0.1000,1162.0,0.02
0,0.1000,1163.0,0.02
0,0.1000,1164.0,0.02
0,0.1000,1165.0,0.02
0,0.1000,1166.0,0.02
0,0.1000,1167.0,0.02
0,0.1000,1168.0,0.02
0,0.1000,1169.0,0.02
0,0.1000,1170.0,0.02
0,0.1000,1171.0,0.02
0,0.1000,1172.0,0.02
0,0.1000,1173.0,0.02
0,0.1000,1174.0,0.02
0,0.1000,1175.0,0.02
0,0.1000,1176.0,0.02
0,0.1000,1177.0,0.02
0,0.1000,1178.0,0.02
0,0.1000,1179.0,0.02
0,0.1000,1180.0,0.02
0,0.1000,1181.0,0.02
0,0.1000,1182.0,0.02
0,0.1000,1183.0,0.02
0,0.1000,1184.0,0.02
0,0.1000,1185.0,0.02
0,0.1000,1186.0,0.02
0,0.1000,1187.0,0.02
0,0.1000,1188.0,0.02
0,0.1000,1189.0,0.02
0,0.1000,1190.0,0.02
0,0.1000,1191.0,0.02
0,0.1000,1192.0,0.02
0,0.1000,1193.0,0.02
0,0.1000,1194.0,0.02
0,0.1000,1195.0,0.02
0,0.1000,1196.0,0.02
0,0.1000,1197.0,0.02
0,0.1000,1198.0,0.02
0,0.1000,1199.0,0.02
0,0.1000,1200.0,0.02
0,0.1000,1201.0,0.02
0,0.1000,1202.0,0.02
0,0.1000,1203.0,0.02
0,0.1000,1204.0,0.02
0,0.1000,1205.0,0.02
0,0.1000,1206.0,0.02
0,0.1000,1207.0,0.02
0,0.1000,1208.0,0.02
0,0.1000,1209.0,0.02
0,0.1000,1210.0,0.02
0,0.1000,1211.0,0.02
0,0.1000,1212.0,0.02
0,0.1000,1213.0,0.02
0,0.1000,1214.0,0.02
0,0.1000,1215.0,0.02
0,0.1000,1216.0,0.02
0,0.1000,1217.0,0.02
0,0.1000,1218.0,0.02
0,0.1000,1219.0,0.02
0,0.1000,1220.0,0.02
0,0.1000,1221.0,0.02
0,0.1000,1222.0,0.02
0,0.1000,1223.0,0.02
0,0.1000,1224.0,0.02
0,0.1000,1225.0,0.02
0,0.1000,1226.0,0.02
0,0.1000,1227.0,0.02
0,0.1000,1228.0,0.02
0,0.1000,1229.0,0.02
0,0.1000,1230.0,0.02
0,0.1000,1231.0,0.02
0,0.1000,1232.0,0.02
0,0.1000,1233.0,0.02
0,0.1000,1234.0,0.02
0,0.1000,1235.0,0.02
0,0.1000,1236.0,0.02
0,0.1000,1237.0,0.02
0,0.1000,1238.0,0.02
0,0.1000,1239.0,0.02
0,0.1000,1240.0,0.02
0,0.1000,1241.0,0.02
0,0.1000,1242.0,0.02
0,0.1000,1243.0,0.02
0,0.1000,1244.0,0.02
0,0.1000,1245.0,0.02
0,0.1000,1246.0,0.02
0,0.1000,1247.0,0.02
0,0.1000,1248.0,0.02
0,0.1000,1249.0,0.02
0,0.1000,1250.0,0.02
0,0.1000,1251.0,0.02
0,0.1000,1252.0,0.02
0,0.1000,1253.0,0.02
0,0.1000,1254.0,0.02
0,0.1000,1255.0,0.02
0,0.1000,1256.0,0.02
0,0.1000,1257.0,0.02
0,0.1000,1258.0,0.02
0,0.1000,1259.0,0.02
0,0.1000,1260.0,0.02
0,0.1000,1261.0,0.02
0,0.1000,1262.0,0.02
0,0.1000,1263.0,0.02
0,0.1000,1264.0,0.02
0,0.1000,1265.0,0.02
0,0.1000,1266.0,0.02
0,0.1000,1267.0,0.02
0,0.1000,1268.0,0.02
0,0.1000,1269.0,0.02
0,0.1000,1270.0,0.02
0,0.1000,1271.0,0.02
0,0.1000,1272.0,0.02
0,0.1000,1273.0,0.02
0,0.1000,1274.0,0.02
0,0.1000,1275.0,0.02
0,0.1000,1276.0,0.02
0,0.1000,1277.0,0.02
0,0.1000,1278.0,0.02
0,0.1000,1279.0,0.02
0,0.1000,1280.0,0.02
0,0.1000,1281.0,0.02
0,0.1000,1282.0,0.02
0,0.1000,1283.0,0.02
0,0.1000,1284.0,0.02
0,0.1000,1285.0,0.02
0,0.1000,1286.0,0.02
0,0.1000,1287.0,0.02
0,0.1000,1288.0,0.02
0,0.1000,1289.0,0.02
0,0.1000,1290.0,0.02
0,0.1000,1291.0,0.02
0,0.1000,1292.0,0.02
0,0.1000,1293.0,0.02
0,0.1000,1294.0,0.02
0,0.1000,1295.0,0.02
0,0.1000,1296.0,0.02
0,0.1000,1297.0,0.02
0,0.1000,1298.0,0.02
0,0.1000,1299.0,0.02
0,0.1000,1300.0,0.02
0,0.1000,1301.0,0.02
0,0.1000,1302.0,0.02
0,0.1000,1303.0,0.02
0,0.1000,1304.0,0.02
0,0.1000,1305.0,0.02
0,0.1000,1306.0,0.02
0,0.1000,1307.0,0.02
0,0.1000,1308.0,0.02
0,0.1000,1309.0,0.02
0,0.1000,1310.0,0.02
0,0.1000,1311.0,0.02
0,0.1000,1312.0,0.02
0,0.1000,1313.0,0.02
0,0.1000,1314.0,0.02
0,0.1000,1315.0,0.02
0,0.1000,1316.0,0.02
0,0.1000,1317.0,0.02
0,0.1000,1318.0,0.02
0,0.1000,1319.0,0.02
0,0.1000,1320.0,0.02
0,0.1000,1321.0,0.02
0,0.1000,1322.0,0.02
0,0.1000,1323.0,0.02
0,0.1000,1324.0,0.02
0,0.1000,1325.0,0.02
0,0.1000,1326.0,0.02
0,0.1000,1327.0,0.02
0,0.1000,1328.0,0.02
0,0.1000,1329.0,0.02
0,0.1000,1330.0,0.02
0,0.1000,1331.0,0.02
0,0.1000,1332.0,0.02
0,0.1000,1333.0,0.02
0,0.1000,1334.0,0.02
0,0.1000,1335.0,0.02
0,0.1000,1336.0,0.02
0,0.1000,1337.0,0.02
0,0.1000,1338.0,0.02
0,0.1000,1339.0,0.02
0,0.1000,1340.0,0.02
0,0.1000,1341.0,0.02
0,0.1000,1342.0,0.02
0,0.1000,1343.0,0.02
0,0.1000,1344.0,0.02
0,0.1000,1345.0,0.02
0,0.1000,1346.0,0.02
0,0.1000,1347.0,0.02
0,0.1000,1348.0,0.02
0,0.1000,1349.0,0.02
0,0.1000,1350.0,0.02
0,0.1000,1351.0,0.02
0,0.1000,1352.0,0.02
0,0.1000,1353.0,0.02
0,0.1000,1354.0,0.02
0,0.1000,1355.0,0.02
0,0.1000,1356.0,0.02
0,0.1000,1357.0,0.02
0,0.1000,1358.0,0.02
0,0.1000,1359.0,0.02
0,0.1000,1360.0,0.02
0,0.1000,1361.0,0.02
0,0.1000,1362.0,0.02
0,0.1000,1363.0,0.02
0,0.1000,1364.0,0.02
0,0.1000,1365.0,0.02
0,0.1000,1366.0,0.02
0,0.1000,1367.0,0.02
0,0.1000,1368.0,0.02
0,0.1000,1369.0,0.02
0,0.1000,1370.0,0.02
0,0.1000,1371.0,0.02
0,0.1000,1372.0,0.02
0,0.1000,1373.0,0.02
0,0.1000,1374.0,0.02
0,0.1000,1375.0,0.02
0,0.1000,1376.0,0.02
0,0.1000,1377.0,0.02
0,0.1000,1378.0,0.02
0,0.1000,1379.0,0.02
0,0.1000,1380.0,0.02
0,0.1000,1381.0,0.02
0,0.1000,1382.0,0.02
0,0.1000,1383.0,0.02
0,0.1000,1384.0,0.02
0,0.1000,1385.0,0.02
0,0.1000,1386.0,0.02
0,0.1000,1387.0,0.02
0,0.1000,1388.0,0.02
0,0.1000,1389.0,0.02
0,0.1000,1390.0,0.02
0,0.1000,1391.0,0.02
0,0.1000,1392.0,0.02
0,0.1000,1393.0,0.02
0,0.1000,1394.0,0.02
0,0.1000,1395.0,0.02
0,0.1000,1396.0,0.02
0,0.1000,1397.0,0.02
0,0.1000,1398.0,0.02
0,0.1000,1399.0,0.02
0,0.1000,1400.0,0.02
0,0.1000,1401.0,0.02
0,0.1000,1402.0,0.02
0,0.1000,1403.0,0.02
0,0.1000,1404.0,0.02
0,0.1000,1405.0,0.02
0,0.1000,1406.0,0.02
0,0.1000,1407.0,0.02
0,0.1000,1408.0,0.02
0,0.1000,1409.0,0.02
0,0.1000,1410.0,0.02
0,0.1000,1411.0,0.02
0,0.1000,1412.0,0.02
0,0.1000,1413.0,0.02
0,0.1000,1414.0,0.02
0,0.1000,1415.0,0.02
0,0.1000,1416.0,0.02
0,0.1000,1417.0,0.02
0,0.1000,1418.0,0.02
0,0.1000,1419.0,0.02
0,0.1000,1420.0,0.02
0,0.1000,1421.0,0.02
0,0.1000,1422.0,0.02
0,0.1000,1423.0,0.02
0,0.1000,1424.0,0.02
0,0.1000,1425.0,0.02
0,0.1000,1426.0,0.02
0,0.1000,1427.0,0.02
0,0.1000,1428.0,0.02
0,0.1000,1429.0,0.02
0,0.1000,1430.0,0.02
0,0.1000,1431.0,0.02
0,0.1000,1432.0,0.02
0,0.1000,1433.0,0.02
0,0.1000,1434.0,0.02
0,0.1000,1435.0,0.02
0,0.1000,1436.0,0.02
0,0.1000,1437.0,0.02
0,0.1000,1438.0,0.02
0,0.1000,1439.0,0.02
0,0.1000,1440.0,0.02
0,0.1000,1441.0,0.02
0,0.1000,1442.0,0.02
0,0.1000,1443.0,0.02
0,0.1000,1444.0,0.02
0,0.1000,1445.0,0.02
0,0.1000,1446.0,0.02
0,0.1000,1447.0,0.02
0,0.1000,1448.0,0.02
0,0.1000,1449.0,0.02
0,0.1000,1450.0,0.02
0,0.1000,1451.0,0.02
0,0.1000,1452.0,0.02
0,0.1000,1453.0,0.02
0,0.1000,1454.0,0.02
0,0.1000,1455.0,0.02
0,0.1000,1456.0,0.02
0,0.1000,1457.0,0.02
0,0.1000,1458.0,0.02
0,0.1000,1459.0,0.02
0,0.1000,1460.0,0.02
0,0.1000,1461.0,0.02
0,0.1000,1462.0,0.02
0,0.1000,1463.0,0.02
0,0.1000,1464.0,0.02
0,0.1000,1465.0,0.02
0,0.1000,1466.0,0.02
0,0.1000,1467.0,0.02
0,0.1000,1468.0,0.02
0,0.1000,1469.0,0.02
0,0.1000,1470.0,0.02
0,0.1000,1471.0,0.02
0,0.1000,1472.0,0.02
0,0.1000,1473.0,0.02
0,0.1000,1474.0,0.02
0,0.1000,1475.0,0.02
0,0.1000,1476.0,0.02
0,0.1000,1477.0,0.02
0,0.1000,1478.0,0.02
0,0.1000,1479.0,0.02
0,0.1000,1480.0,0.02
0,0.1000,1481.0,0.02
0,0.1000,1482.0,0.02
0,0.1000,1483.0,0.02
0,0.1000,1484.0,0.02
0,0.1000,1485.0,0.02
0,0.1000,1486.0,0.02
0,0.1000,1487.0,0.02
0,0.1000,1488.0,0.02
0,0.1000,1489.0,0.02
0,0.1000,1490.0,0.02
0,0.1000,1491.0,0.02
0,0.1000,1492.0,0.02
0,0.1000,1493.0,0.02
0,0.1000,1494.0,0.02
0,0.1000,1495.0,0.02
0,0.1000,1496.0,0.02
0,0.1000,1497.0,0.02
0,0.1000,1498.0,0.02
0,0.1000,1499.0,0.02
0,0.1000,1500.0,0.02
0,0.1000,1501.0,0.02
0,0.1000,1502.0,0.02
0,0.1000,1503.0,0.02
0,0.1000,1504.0,0.02
0,0.1000,1505.0,0.02
0,0.1000,1506.0,0.02
0,0.1000,1507.0,0.02
0,0.1000,1508.0,0.02
0,0.1000,1509.0,0.02
0,0.1000,1510.0,0.02
0,0.1000,1511.0,0.02
0,0.1000,1512.0,0.02
0,0.1000,1513.0,0.02
0,0.1000,1514.0,0.02
0,0.1000,1515.0,0.02
0,0.1000,1516.0,0.02
0,0.1000,1517.0,0.02
0,0.1000,1518.0,0.02
0,0.1000,1519.0,0.02
0,0.1000,1520.0,0.02
0,0.1000,1521.0,0.02
0,0.1000,1522.0,0.02
0,0.1000,1523.0,0.02
0,0.1000,1524.0,0.02
0,0.1000,1525.0,0.02
0,0.1000,1526.0,0.02
0,0.1000,1527.0,0.02
0,0.1000,1528.0,0.02
0,0.1000,1529.0,0.02
0,0.1000,1530.0,0.02
0,0.1000,1531.0,0.02
0,0.1000,1532.0,0.02
0,0.1000,1533.0,0.02
0,0.1000,1534.0,0.02
0,0.1000,1535.0,0.02
0,0.1000,1536.0,0.02
0,0.1000,1537.0,0.02
0,0.1000,1538.0,0.02
0,0.1000,1539.0,0.02
0,0.1000,1540.0,0.02
0,0.1000,1541.0,0.02
0,0.1000,1542.0,0.02
0,0.1000,1543.0,0.02
0,0.1000,1544.0,0.02
0,0.1000,1545.0,0.02
0,0.1000,1546.0,0.02
0,0.1000,1547.0,0.02
0,0.1000,1548.0,0.02
0,0.1000,1549.0,0.01
0,0.1000,1550.0,0.01
0,0.1000,1551.0,0.01
0,0.1000,1552.0,0.01
0,0.1000,1553.0,0.01
0,0.1000,1554.0,0.01
0,0.1000,1555.0,0.01
0,0.1000,1556.0,0.01
0,0.1000,1557.0,0.01
0,0.1000,1558.0,0.01
0,0.1000,1559.0,0.01
0,0.1000,1560.0,0.01
0,0.1000,1561.0,0.01
0,0.1000,1562.0,0.01
0,0.1000,1563.0,0.01
0,0.1000,1564.0,0.01
0,0.1000,1565.0,0.01
0,0.1000,1566.0,0.01
0,0.1000,1567.0,0.01
0,0.1000,1568.0,0.01
0,0.1000,1569.0,0.01
0,0.1000,1570.0,0.01
0,0.1000,1571.0,0.01
0,0.1000,1572.0,0.01
0,0.1000,1573.0,0.01
0,0.1000,1574.0,0.01
0,0.1000,1575.0,0.01
0,0.1000,1576.0,0.01
0,0.1000,1577.0,0.01
0,0.1000,1578.0,0.01
0,0.1000,1579.0,0.01
0,0.1000,1580.0,0.01
0,0.1000,1581.0,0.01
0,0.1000,1582.0,0.0
