,fc,fl
0,0.33,0.32
1,0.33,0.32
2,0.33,0.32
3,0.33,0.32
4,0.33,0.32
5,0.32,0.33
6,0.32,0.33
7,0.32,0.33
8,0.32,0.33
9,0.31,0.34
10,0.31,0.34
11,0.31,0.34
12,0.32,0.34
13,0.32,0.34
14,0.32,0.33
15,0.32,0.32
16,0.32,0.32
17,0.32,0.31
18,0.33,0.3
19,0.33,0.3
20,0.33,0.3
21,0.33,0.3
22,0.33,0.3
23,0.33,0.3
24,0.34,0.29
25,0.34,0.29
26,0.34,0.29
27,0.34,0.28
28,0.34,0.28
29,0.34,0.28
30,0.33,0.28
31,0.33,0.28
32,0.33,0.28
33,0.33,0.28
34,0.32,0.28
35,0.32,0.28
36,0.32,0.28
37,0.31,0.28
38,0.31,0.28
39,0.3,0.28
40,0.3,0.27
41,0.3,0.27
42,0.3,0.27
43,0.3,0.27
44,0.31,0.26
45,0.31,0.26
46,0.31,0.26
47,0.3,0.27
48,0.3,0.28
49,0.3,0.28
50,0.3,0.28
51,0.3,0.28
52,0.29,0.28
53,0.29,0.28
54,0.29,0.28
55,0.29,0.28
56,0.29,0.28
57,0.28,0.28
58,0.29,0.28
59,0.29,0.28
60,0.29,0.28
61,0.29,0.27
62,0.29,0.27
63,0.29,0.27
64,0.29,0.27
65,0.28,0.27
66,0.28,0.27
67,0.28,0.27
68,0.28,0.27
69,0.28,0.27
70,0.28,0.27
71,0.28,0.27
72,0.28,0.27
73,0.28,0.27
74,0.28,0.27
75,0.28,0.27
76,0.28,0.27
77,0.28,0.27
78,0.27,0.28
79,0.27,0.28
80,0.27,0.28
81,0.27,0.28
82,0.26,0.28
83,0.26,0.28
84,0.26,0.27
85,0.26,0.27
86,0.26,0.27
87,0.26,0.27
88,0.26,0.27
89,0.26,0.27
90,0.27,0.27
91,0.27,0.27
92,0.27,0.27
93,0.27,0.26
94,0.27,0.26
95,0.27,0.26
96,0.27,0.26
97,0.27,0.26
98,0.27,0.26
99,0.27,0.26
100,0.26,0.26
101,0.26,0.26
102,0.26,0.26
103,0.26,0.27
104,0.27,0.27
105,0.27,0.27
106,0.27,0.27
107,0.26,0.27
108,0.26,0.27
109,0.26,0.27
110,0.26,0.27
111,0.26,0.27
112,0.26,0.27
113,0.26,0.27
114,0.26,0.27
115,0.26,0.27
116,0.26,0.27
117,0.26,0.27
118,0.27,0.27
119,0.27,0.27
120,0.27,0.27
121,0.28,0.26
122,0.27,0.26
123,0.27,0.26
124,0.28,0.25
125,0.27,0.25
126,0.27,0.26
127,0.27,0.26
128,0.27,0.26
129,0.27,0.25
130,0.27,0.25
131,0.27,0.25
132,0.27,0.25
133,0.27,0.25
134,0.27,0.24
135,0.27,0.24
136,0.27,0.24
137,0.27,0.24
138,0.26,0.24
139,0.26,0.23
140,0.25,0.23
141,0.25,0.23
142,0.25,0.22
143,0.25,0.23
144,0.25,0.23
145,0.25,0.23
146,0.25,0.23
147,0.25,0.23
148,0.25,0.24
149,0.25,0.24
150,0.25,0.24
151,0.25,0.24
152,0.26,0.23
153,0.26,0.23
154,0.25,0.23
155,0.25,0.23
156,0.25,0.23
157,0.25,0.23
158,0.25,0.23
159,0.25,0.23
160,0.25,0.24
161,0.25,0.25
162,0.26,0.24
163,0.26,0.23
164,0.26,0.23
165,0.26,0.23
166,0.26,0.23
167,0.26,0.23
168,0.26,0.23
169,0.26,0.23
170,0.26,0.23
171,0.25,0.23
172,0.24,0.24
173,0.24,0.24
174,0.24,0.24
175,0.24,0.24
176,0.24,0.24
177,0.24,0.24
178,0.24,0.24
179,0.24,0.24
180,0.24,0.24
181,0.25,0.24
182,0.25,0.24
183,0.25,0.24
184,0.25,0.24
185,0.25,0.24
186,0.25,0.24
187,0.25,0.24
188,0.25,0.24
189,0.25,0.24
190,0.25,0.24
191,0.25,0.24
192,0.26,0.23
193,0.26,0.23
194,0.26,0.23
195,0.26,0.23
196,0.25,0.23
197,0.26,0.22
198,0.26,0.22
199,0.26,0.22
200,0.25,0.23
201,0.25,0.23
202,0.25,0.22
203,0.25,0.22
204,0.25,0.22
205,0.25,0.22
206,0.25,0.22
207,0.25,0.22
208,0.25,0.22
209,0.25,0.22
210,0.25,0.22
211,0.25,0.22
212,0.24,0.23
213,0.24,0.23
214,0.24,0.23
215,0.25,0.23
216,0.25,0.23
217,0.25,0.23
218,0.25,0.23
219,0.25,0.23
220,0.25,0.23
221,0.25,0.23
222,0.25,0.23
223,0.25,0.23
224,0.25,0.23
225,0.25,0.23
226,0.24,0.23
227,0.24,0.23
228,0.24,0.23
229,0.24,0.23
230,0.25,0.22
231,0.25,0.22
232,0.25,0.22
233,0.25,0.22
234,0.25,0.22
235,0.26,0.22
236,0.26,0.22
237,0.26,0.22
238,0.26,0.21
239,0.26,0.21
240,0.26,0.21
241,0.26,0.21
242,0.26,0.21
243,0.26,0.21
244,0.26,0.21
245,0.26,0.21
246,0.26,0.21
247,0.26,0.21
248,0.26,0.21
249,0.25,0.21
250,0.25,0.21
251,0.25,0.21
252,0.25,0.21
253,0.24,0.21
254,0.24,0.21
255,0.24,0.21
256,0.23,0.21
257,0.23,0.21
258,0.23,0.21
259,0.23,0.21
260,0.23,0.21
261,0.23,0.21
262,0.23,0.21
263,0.23,0.21
264,0.22,0.21
265,0.22,0.21
266,0.22,0.21
267,0.22,0.21
268,0.22,0.21
269,0.22,0.2
270,0.22,0.2
271,0.22,0.21
272,0.22,0.21
273,0.22,0.22
274,0.22,0.23
275,0.22,0.23
276,0.22,0.22
277,0.22,0.22
278,0.22,0.22
279,0.22,0.22
280,0.22,0.22
281,0.22,0.22
282,0.22,0.22
283,0.22,0.22
284,0.22,0.22
285,0.22,0.22
286,0.22,0.22
287,0.22,0.22
288,0.22,0.22
289,0.22,0.22
290,0.22,0.22
291,0.22,0.22
292,0.22,0.22
293,0.22,0.22
294,0.22,0.22
295,0.22,0.22
296,0.22,0.22
297,0.22,0.22
298,0.22,0.22
299,0.22,0.22
300,0.22,0.21
301,0.22,0.21
302,0.22,0.21
303,0.22,0.21
304,0.22,0.21
305,0.22,0.21
306,0.22,0.21
307,0.22,0.21
308,0.22,0.21
309,0.22,0.21
310,0.23,0.21
311,0.23,0.21
312,0.23,0.21
313,0.24,0.21
314,0.24,0.21
315,0.24,0.21
316,0.24,0.2
317,0.24,0.19
318,0.24,0.18
319,0.24,0.18
320,0.24,0.18
321,0.24,0.19
322,0.24,0.19
323,0.24,0.19
324,0.24,0.19
325,0.24,0.19
326,0.24,0.19
327,0.24,0.19
328,0.24,0.19
329,0.24,0.19
330,0.24,0.19
331,0.24,0.18
332,0.24,0.18
333,0.24,0.18
334,0.24,0.18
335,0.24,0.18
336,0.24,0.18
337,0.24,0.18
338,0.24,0.18
339,0.24,0.18
340,0.24,0.18
341,0.24,0.18
342,0.24,0.18
343,0.24,0.18
344,0.24,0.18
345,0.24,0.18
346,0.24,0.18
347,0.23,0.19
348,0.23,0.19
349,0.24,0.18
350,0.24,0.17
351,0.24,0.17
352,0.24,0.17
353,0.24,0.17
354,0.24,0.17
355,0.24,0.17
356,0.24,0.17
357,0.24,0.17
358,0.24,0.17
359,0.24,0.17
360,0.24,0.17
361,0.24,0.17
362,0.24,0.17
363,0.24,0.17
364,0.24,0.17
365,0.24,0.17
366,0.24,0.17
367,0.24,0.17
368,0.24,0.17
369,0.24,0.17
370,0.24,0.17
371,0.24,0.17
372,0.24,0.16
373,0.24,0.16
374,0.24,0.16
375,0.24,0.16
376,0.24,0.16
377,0.24,0.16
378,0.24,0.16
379,0.24,0.16
380,0.24,0.16
381,0.24,0.16
382,0.24,0.16
383,0.24,0.16
384,0.25,0.15
385,0.25,0.15
386,0.25,0.15
387,0.25,0.15
388,0.25,0.15
389,0.25,0.15
390,0.25,0.15
391,0.25,0.15
392,0.25,0.15
393,0.25,0.15
394,0.25,0.14
395,0.25,0.14
396,0.25,0.13
397,0.25,0.13
398,0.25,0.13
399,0.25,0.13
400,0.25,0.14
401,0.25,0.14
402,0.25,0.14
403,0.25,0.15
404,0.25,0.15
405,0.25,0.15
406,0.24,0.15
407,0.24,0.15
408,0.23,0.15
409,0.24,0.15
410,0.24,0.15
411,0.23,0.16
412,0.23,0.16
413,0.23,0.16
414,0.23,0.16
415,0.23,0.16
416,0.23,0.16
417,0.23,0.16
418,0.23,0.16
419,0.23,0.16
420,0.23,0.16
421,0.23,0.16
422,0.23,0.16
423,0.23,0.16
424,0.23,0.16
425,0.23,0.16
426,0.23,0.16
427,0.23,0.15
428,0.23,0.15
429,0.24,0.14
430,0.24,0.14
431,0.24,0.14
432,0.24,0.14
433,0.24,0.14
434,0.24,0.14
435,0.24,0.14
436,0.24,0.14
437,0.24,0.14
438,0.24,0.14
439,0.24,0.15
440,0.24,0.15
441,0.24,0.15
442,0.24,0.15
443,0.24,0.15
444,0.24,0.15
445,0.24,0.15
446,0.24,0.15
447,0.23,0.15
448,0.23,0.15
449,0.23,0.15
450,0.24,0.14
451,0.24,0.14
452,0.24,0.14
453,0.24,0.14
454,0.24,0.14
455,0.24,0.14
456,0.24,0.14
457,0.24,0.14
458,0.24,0.14
459,0.24,0.14
460,0.24,0.15
461,0.24,0.14
462,0.24,0.14
463,0.24,0.14
464,0.24,0.14
465,0.24,0.14
466,0.24,0.14
467,0.24,0.14
468,0.24,0.14
469,0.24,0.14
470,0.24,0.14
471,0.24,0.14
472,0.24,0.14
473,0.24,0.14
474,0.23,0.14
475,0.23,0.14
476,0.23,0.14
477,0.23,0.14
478,0.23,0.14
479,0.23,0.14
480,0.23,0.14
481,0.23,0.14
482,0.23,0.14
483,0.23,0.14
484,0.23,0.14
485,0.23,0.14
486,0.23,0.14
487,0.23,0.13
488,0.23,0.13
489,0.23,0.13
490,0.23,0.13
491,0.23,0.13
492,0.23,0.13
493,0.23,0.13
494,0.23,0.13
495,0.23,0.13
496,0.23,0.13
497,0.23,0.13
498,0.23,0.13
499,0.23,0.13
500,0.23,0.13
501,0.23,0.13
502,0.23,0.13
503,0.23,0.13
504,0.23,0.13
505,0.23,0.13
506,0.23,0.13
507,0.23,0.13
508,0.23,0.13
509,0.23,0.13
510,0.23,0.13
511,0.23,0.13
512,0.23,0.13
513,0.24,0.12
514,0.24,0.12
515,0.24,0.12
516,0.24,0.12
517,0.24,0.12
518,0.24,0.12
519,0.24,0.12
520,0.24,0.12
521,0.24,0.12
522,0.24,0.13
523,0.24,0.13
524,0.24,0.13
525,0.24,0.13
526,0.24,0.13
527,0.24,0.13
528,0.24,0.13
529,0.24,0.13
530,0.24,0.13
531,0.24,0.13
532,0.24,0.13
533,0.24,0.13
534,0.23,0.13
535,0.23,0.12
536,0.23,0.12
537,0.23,0.12
538,0.23,0.12
539,0.23,0.12
540,0.23,0.12
541,0.23,0.12
542,0.23,0.12
543,0.23,0.12
544,0.23,0.12
545,0.23,0.12
546,0.23,0.12
547,0.23,0.12
548,0.23,0.12
549,0.23,0.12
550,0.23,0.12
551,0.23,0.12
552,0.23,0.12
553,0.24,0.11
554,0.24,0.11
555,0.24,0.11
556,0.24,0.11
557,0.24,0.11
558,0.24,0.11
559,0.24,0.11
560,0.25,0.1
561,0.25,0.1
562,0.25,0.1
563,0.25,0.11
564,0.25,0.11
565,0.25,0.11
566,0.25,0.11
567,0.24,0.11
568,0.24,0.11
569,0.24,0.11
570,0.24,0.11
571,0.24,0.11
572,0.24,0.11
573,0.24,0.11
574,0.24,0.11
575,0.24,0.11
576,0.24,0.11
577,0.24,0.11
578,0.24,0.11
579,0.24,0.1
580,0.24,0.1
581,0.24,0.09
582,0.24,0.09
583,0.24,0.09
584,0.24,0.09
585,0.24,0.09
586,0.24,0.09
587,0.23,0.09
588,0.23,0.09
589,0.23,0.09
590,0.23,0.09
591,0.23,0.09
592,0.23,0.09
593,0.23,0.09
594,0.22,0.09
595,0.22,0.09
596,0.22,0.09
597,0.22,0.09
598,0.22,0.09
599,0.22,0.09
600,0.22,0.09
601,0.23,0.08
602,0.23,0.08
603,0.23,0.08
604,0.23,0.08
605,0.23,0.08
606,0.23,0.08
607,0.23,0.08
608,0.23,0.08
609,0.23,0.08
610,0.23,0.08
611,0.23,0.08
612,0.23,0.08
613,0.23,0.08
614,0.23,0.08
615,0.23,0.08
616,0.24,0.08
617,0.24,0.08
618,0.24,0.08
619,0.23,0.08
620,0.23,0.08
621,0.23,0.08
622,0.23,0.08
623,0.23,0.08
624,0.23,0.08
625,0.23,0.08
626,0.23,0.08
627,0.23,0.08
628,0.23,0.08
629,0.23,0.08
630,0.23,0.08
631,0.23,0.08
632,0.23,0.08
633,0.23,0.08
634,0.23,0.08
635,0.23,0.08
636,0.23,0.08
637,0.23,0.08
638,0.23,0.08
639,0.22,0.08
640,0.22,0.08
641,0.22,0.08
642,0.22,0.08
643,0.22,0.08
644,0.22,0.08
645,0.22,0.08
646,0.22,0.07
647,0.22,0.07
648,0.22,0.07
649,0.22,0.07
650,0.21,0.07
651,0.21,0.07
652,0.21,0.07
653,0.21,0.07
654,0.21,0.07
655,0.2,0.07
656,0.2,0.07
657,0.2,0.07
658,0.2,0.07
659,0.21,0.06
660,0.21,0.06
661,0.21,0.06
662,0.21,0.06
663,0.21,0.06
664,0.21,0.06
665,0.21,0.06
666,0.21,0.06
667,0.21,0.06
668,0.21,0.06
669,0.21,0.06
670,0.2,0.06
671,0.2,0.05
672,0.2,0.05
673,0.2,0.05
674,0.2,0.05
675,0.2,0.05
676,0.2,0.05
677,0.2,0.05
678,0.2,0.05
679,0.2,0.05
680,0.2,0.05
681,0.19,0.05
682,0.2,0.04
683,0.2,0.04
684,0.2,0.04
685,0.2,0.04
686,0.2,0.04
687,0.21,0.04
688,0.21,0.04
689,0.21,0.04
690,0.21,0.04
691,0.21,0.04
692,0.21,0.04
693,0.21,0.04
694,0.21,0.04
695,0.21,0.04
696,0.21,0.04
697,0.21,0.04
698,0.21,0.04
699,0.21,0.04
700,0.21,0.04
701,0.21,0.04
702,0.21,0.04
703,0.21,0.04
704,0.21,0.04
705,0.21,0.04
706,0.21,0.04
707,0.21,0.04
708,0.21,0.04
709,0.21,0.04
710,0.21,0.04
711,0.21,0.04
712,0.21,0.04
713,0.2,0.04
714,0.2,0.04
715,0.2,0.04
716,0.2,0.04
717,0.2,0.04
718,0.2,0.04
719,0.2,0.04
720,0.2,0.04
721,0.2,0.04
722,0.2,0.04
723,0.2,0.04
724,0.2,0.04
725,0.2,0.04
726,0.2,0.04
727,0.2,0.04
728,0.2,0.04
729,0.2,0.04
730,0.2,0.04
731,0.2,0.04
732,0.2,0.04
733,0.2,0.04
734,0.2,0.04
735,0.2,0.04
736,0.2,0.04
737,0.2,0.04
738,0.2,0.03
739,0.2,0.03
740,0.19,0.04
741,0.19,0.04
742,0.19,0.04
743,0.19,0.04
744,0.19,0.04
745,0.18,0.04
746,0.18,0.04
747,0.18,0.04
748,0.18,0.04
749,0.18,0.04
750,0.18,0.04
751,0.18,0.04
752,0.18,0.04
753,0.18,0.04
754,0.18,0.04
755,0.17,0.04
756,0.17,0.04
757,0.17,0.05
758,0.17,0.05
759,0.17,0.05
760,0.17,0.05
761,0.17,0.05
762,0.17,0.05
763,0.17,0.05
764,0.17,0.05
765,0.17,0.05
766,0.17,0.05
767,0.17,0.05
768,0.17,0.05
769,0.17,0.05
770,0.17,0.05
771,0.17,0.05
772,0.17,0.05
773,0.17,0.05
774,0.17,0.05
775,0.17,0.05
776,0.17,0.05
777,0.17,0.05
778,0.17,0.05
779,0.17,0.05
780,0.17,0.05
781,0.17,0.05
782,0.18,0.05
783,0.18,0.05
784,0.18,0.04
785,0.18,0.04
786,0.18,0.04
787,0.18,0.04
788,0.18,0.04
789,0.18,0.04
790,0.19,0.04
791,0.19,0.04
792,0.19,0.04
793,0.19,0.04
794,0.19,0.04
795,0.19,0.04
796,0.19,0.04
797,0.19,0.05
798,0.19,0.05
799,0.19,0.05
800,0.19,0.05
801,0.19,0.05
802,0.19,0.05
803,0.19,0.05
804,0.19,0.05
805,0.19,0.05
806,0.19,0.05
807,0.19,0.05
808,0.19,0.05
809,0.19,0.05
810,0.19,0.05
811,0.19,0.05
812,0.19,0.05
813,0.19,0.05
814,0.19,0.05
815,0.19,0.05
816,0.19,0.05
817,0.19,0.05
818,0.19,0.05
819,0.2,0.05
820,0.2,0.05
821,0.2,0.05
822,0.2,0.05
823,0.2,0.05
824,0.2,0.05
825,0.2,0.05
826,0.2,0.05
827,0.2,0.05
828,0.2,0.05
829,0.2,0.05
830,0.2,0.05
831,0.19,0.05
832,0.19,0.05
833,0.19,0.05
834,0.19,0.05
835,0.19,0.05
836,0.19,0.04
837,0.19,0.04
838,0.19,0.04
839,0.19,0.04
840,0.18,0.04
841,0.18,0.04
842,0.17,0.04
843,0.17,0.04
844,0.17,0.04
845,0.17,0.04
846,0.17,0.04
847,0.17,0.04
848,0.17,0.04
849,0.16,0.04
850,0.16,0.04
851,0.16,0.04
852,0.16,0.04
853,0.16,0.04
854,0.16,0.04
855,0.16,0.04
856,0.16,0.04
857,0.16,0.04
858,0.16,0.04
859,0.16,0.04
860,0.16,0.04
861,0.16,0.04
862,0.16,0.04
863,0.16,0.04
864,0.16,0.04
865,0.16,0.04
866,0.16,0.04
867,0.16,0.04
868,0.17,0.04
869,0.16,0.04
870,0.16,0.04
871,0.16,0.04
872,0.15,0.04
873,0.15,0.04
874,0.15,0.04
875,0.15,0.04
876,0.15,0.04
877,0.14,0.04
878,0.14,0.04
879,0.14,0.04
880,0.14,0.04
881,0.14,0.04
882,0.14,0.04
883,0.14,0.04
884,0.14,0.04
885,0.13,0.04
886,0.13,0.04
887,0.12,0.04
888,0.12,0.04
889,0.12,0.04
890,0.12,0.04
891,0.12,0.04
892,0.12,0.04
893,0.12,0.04
894,0.12,0.04
895,0.12,0.04
896,0.12,0.04
897,0.12,0.04
898,0.12,0.04
899,0.12,0.04
900,0.12,0.04
901,0.12,0.04
902,0.12,0.04
903,0.12,0.04
904,0.12,0.04
905,0.12,0.04
906,0.12,0.04
907,0.12,0.04
908,0.12,0.04
909,0.12,0.04
910,0.12,0.04
911,0.12,0.04
912,0.12,0.04
913,0.12,0.04
914,0.12,0.04
915,0.12,0.04
916,0.12,0.04
917,0.12,0.04
918,0.12,0.04
919,0.12,0.04
920,0.12,0.04
921,0.12,0.04
922,0.12,0.04
923,0.12,0.04
924,0.12,0.04
925,0.12,0.04
926,0.12,0.04
927,0.12,0.04
928,0.12,0.04
929,0.12,0.04
930,0.12,0.04
931,0.12,0.04
932,0.12,0.04
933,0.12,0.04
934,0.12,0.04
935,0.12,0.04
936,0.11,0.04
937,0.11,0.04
938,0.11,0.04
939,0.11,0.03
940,0.11,0.03
941,0.11,0.03
942,0.11,0.03
943,0.11,0.03
944,0.11,0.03
945,0.11,0.03
946,0.11,0.03
947,0.11,0.03
948,0.11,0.03
949,0.11,0.03
950,0.11,0.03
951,0.11,0.03
952,0.11,0.03
953,0.11,0.03
954,0.11,0.03
955,0.11,0.03
956,0.11,0.03
957,0.11,0.03
958,0.11,0.03
959,0.11,0.03
960,0.11,0.03
961,0.11,0.03
962,0.11,0.03
963,0.11,0.03
964,0.11,0.03
965,0.11,0.03
966,0.11,0.03
967,0.11,0.03
968,0.11,0.03
969,0.11,0.03
970,0.11,0.03
971,0.1,0.03
972,0.1,0.03
973,0.1,0.03
974,0.1,0.03
975,0.1,0.03
976,0.1,0.03
977,0.1,0.03
978,0.1,0.03
979,0.1,0.03
980,0.1,0.04
981,0.1,0.04
982,0.1,0.04
983,0.1,0.04
984,0.1,0.04
985,0.1,0.04
986,0.1,0.04
987,0.1,0.04
988,0.1,0.04
989,0.1,0.04
990,0.09,0.04
991,0.09,0.04
992,0.09,0.04
993,0.09,0.04
994,0.09,0.04
995,0.09,0.04
996,0.09,0.04
997,0.09,0.04
998,0.09,0.04
999,0.09,0.04
1000,0.09,0.04
1001,0.09,0.04
1002,0.09,0.04
1003,0.09,0.04
1004,0.09,0.04
1005,0.09,0.04
1006,0.09,0.04
1007,0.09,0.04
1008,0.09,0.04
1009,0.09,0.04
1010,0.09,0.04
1011,0.09,0.04
1012,0.09,0.04
1013,0.09,0.04
1014,0.09,0.04
1015,0.09,0.04
1016,0.09,0.04
1017,0.09,0.04
1018,0.09,0.04
1019,0.09,0.04
1020,0.09,0.04
1021,0.09,0.04
1022,0.09,0.04
1023,0.09,0.04
1024,0.09,0.04
1025,0.09,0.04
1026,0.09,0.04
1027,0.09,0.04
1028,0.09,0.04
1029,0.09,0.04
1030,0.09,0.04
1031,0.09,0.04
1032,0.09,0.04
1033,0.09,0.04
1034,0.09,0.04
1035,0.09,0.04
1036,0.09,0.04
1037,0.09,0.04
1038,0.09,0.04
1039,0.09,0.04
1040,0.09,0.04
1041,0.09,0.04
1042,0.09,0.04
1043,0.09,0.04
1044,0.09,0.04
1045,0.09,0.04
1046,0.08,0.04
1047,0.08,0.04
1048,0.08,0.04
1049,0.08,0.04
1050,0.08,0.04
1051,0.08,0.04
1052,0.08,0.04
1053,0.08,0.04
1054,0.08,0.04
1055,0.08,0.05
1056,0.08,0.05
1057,0.08,0.05
1058,0.08,0.05
1059,0.08,0.05
1060,0.08,0.05
1061,0.08,0.05
1062,0.08,0.05
1063,0.08,0.05
1064,0.08,0.05
1065,0.08,0.05
1066,0.08,0.05
1067,0.08,0.05
1068,0.08,0.05
1069,0.08,0.05
1070,0.08,0.05
1071,0.08,0.05
1072,0.07,0.06
1073,0.07,0.06
1074,0.07,0.06
1075,0.07,0.05
1076,0.07,0.05
1077,0.06,0.05
1078,0.06,0.05
1079,0.06,0.05
1080,0.06,0.05
1081,0.06,0.05
1082,0.06,0.05
1083,0.06,0.05
1084,0.06,0.05
1085,0.06,0.05
1086,0.06,0.05
1087,0.06,0.05
1088,0.06,0.05
1089,0.06,0.05
1090,0.06,0.05
1091,0.06,0.05
1092,0.06,0.05
1093,0.06,0.05
1094,0.06,0.05
1095,0.06,0.05
1096,0.06,0.05
1097,0.06,0.05
1098,0.06,0.05
1099,0.06,0.05
1100,0.06,0.04
1101,0.06,0.04
1102,0.06,0.04
1103,0.06,0.04
1104,0.06,0.04
1105,0.06,0.04
1106,0.06,0.04
1107,0.06,0.04
1108,0.06,0.04
1109,0.06,0.04
1110,0.06,0.04
1111,0.06,0.04
1112,0.06,0.04
1113,0.06,0.04
1114,0.06,0.04
1115,0.06,0.04
1116,0.06,0.04
1117,0.06,0.04
1118,0.06,0.04
1119,0.06,0.04
1120,0.06,0.04
1121,0.06,0.04
1122,0.06,0.04
1123,0.06,0.04
1124,0.06,0.04
1125,0.06,0.04
1126,0.06,0.04
1127,0.06,0.04
1128,0.06,0.04
1129,0.06,0.04
1130,0.06,0.04
1131,0.06,0.03
1132,0.06,0.03
1133,0.06,0.03
1134,0.06,0.03
1135,0.06,0.03
1136,0.06,0.03
1137,0.06,0.03
1138,0.06,0.03
1139,0.06,0.03
1140,0.06,0.03
1141,0.06,0.03
1142,0.06,0.03
1143,0.05,0.03
1144,0.05,0.03
1145,0.05,0.03
1146,0.05,0.03
1147,0.05,0.03
1148,0.05,0.03
1149,0.05,0.03
1150,0.05,0.04
1151,0.05,0.04
1152,0.05,0.04
1153,0.05,0.04
1154,0.05,0.04
1155,0.05,0.04
1156,0.05,0.04
1157,0.05,0.04
1158,0.05,0.04
1159,0.05,0.04
1160,0.05,0.04
1161,0.05,0.04
1162,0.05,0.04
1163,0.05,0.04
1164,0.05,0.04
1165,0.05,0.04
1166,0.05,0.04
1167,0.05,0.04
1168,0.05,0.04
1169,0.05,0.04
1170,0.05,0.04
1171,0.05,0.04
1172,0.05,0.04
1173,0.05,0.04
1174,0.05,0.04
1175,0.05,0.04
1176,0.05,0.04
1177,0.05,0.04
1178,0.05,0.04
1179,0.05,0.04
1180,0.05,0.04
1181,0.05,0.04
1182,0.05,0.04
1183,0.05,0.04
1184,0.05,0.04
1185,0.05,0.04
1186,0.05,0.04
1187,0.05,0.04
1188,0.05,0.04
1189,0.05,0.04
1190,0.05,0.04
1191,0.04,0.04
1192,0.04,0.04
1193,0.04,0.04
1194,0.04,0.04
1195,0.04,0.04
1196,0.04,0.04
1197,0.04,0.04
1198,0.04,0.04
1199,0.04,0.04
1200,0.04,0.04
1201,0.04,0.04
1202,0.04,0.04
1203,0.04,0.04
1204,0.04,0.04
1205,0.04,0.04
1206,0.04,0.04
1207,0.04,0.04
1208,0.04,0.04
1209,0.04,0.04
1210,0.04,0.04
1211,0.04,0.04
1212,0.04,0.04
1213,0.04,0.04
1214,0.04,0.04
1215,0.04,0.04
1216,0.04,0.04
1217,0.04,0.04
1218,0.04,0.04
1219,0.04,0.04
1220,0.04,0.04
1221,0.04,0.04
1222,0.04,0.04
1223,0.04,0.04
1224,0.04,0.04
1225,0.04,0.04
1226,0.04,0.04
1227,0.04,0.04
1228,0.04,0.04
1229,0.04,0.04
1230,0.04,0.04
1231,0.04,0.04
1232,0.04,0.04
1233,0.04,0.04
1234,0.04,0.04
1235,0.04,0.04
1236,0.04,0.04
1237,0.04,0.04
1238,0.04,0.04
1239,0.04,0.04
1240,0.04,0.04
1241,0.04,0.04
1242,0.04,0.04
1243,0.04,0.04
1244,0.04,0.04
1245,0.04,0.04
1246,0.04,0.04
1247,0.04,0.04
1248,0.04,0.04
1249,0.04,0.04
1250,0.04,0.04
1251,0.04,0.04
1252,0.04,0.04
1253,0.04,0.04
1254,0.05,0.04
1255,0.05,0.04
1256,0.05,0.04
1257,0.05,0.04
1258,0.05,0.04
1259,0.05,0.04
1260,0.05,0.04
1261,0.05,0.04
1262,0.05,0.04
1263,0.05,0.04
1264,0.05,0.04
1265,0.05,0.04
1266,0.05,0.04
1267,0.05,0.04
1268,0.05,0.04
1269,0.05,0.04
1270,0.05,0.04
1271,0.05,0.04
1272,0.05,0.04
1273,0.05,0.04
1274,0.05,0.04
1275,0.05,0.05
1276,0.05,0.05
1277,0.05,0.05
1278,0.05,0.05
1279,0.06,0.05
1280,0.06,0.05
1281,0.06,0.05
1282,0.06,0.05
1283,0.06,0.05
1284,0.06,0.05
1285,0.06,0.05
1286,0.06,0.05
1287,0.06,0.05
1288,0.06,0.05
1289,0.06,0.05
1290,0.06,0.05
1291,0.06,0.05
1292,0.06,0.05
1293,0.06,0.05
1294,0.06,0.05
1295,0.06,0.05
1296,0.06,0.05
1297,0.06,0.05
1298,0.06,0.05
1299,0.06,0.05
1300,0.06,0.05
1301,0.06,0.05
1302,0.06,0.05
1303,0.06,0.05
1304,0.06,0.05
1305,0.06,0.05
1306,0.06,0.05
1307,0.06,0.05
1308,0.06,0.05
1309,0.06,0.05
1310,0.06,0.05
1311,0.06,0.05
1312,0.06,0.05
1313,0.06,0.05
1314,0.06,0.05
1315,0.06,0.05
1316,0.06,0.05
1317,0.06,0.05
1318,0.06,0.05
1319,0.06,0.05
1320,0.06,0.05
1321,0.06,0.05
1322,0.06,0.05
1323,0.06,0.05
1324,0.06,0.05
1325,0.06,0.05
1326,0.06,0.05
1327,0.05,0.05
1328,0.05,0.05
1329,0.05,0.05
1330,0.04,0.05
1331,0.04,0.05
1332,0.04,0.05
1333,0.04,0.05
1334,0.05,0.05
1335,0.05,0.05
1336,0.05,0.05
1337,0.05,0.05
1338,0.05,0.06
1339,0.05,0.06
1340,0.05,0.06
1341,0.05,0.06
1342,0.05,0.06
1343,0.05,0.06
1344,0.05,0.06
1345,0.05,0.06
1346,0.05,0.06
1347,0.05,0.06
1348,0.05,0.06
1349,0.05,0.06
1350,0.05,0.06
1351,0.05,0.06
1352,0.05,0.06
1353,0.05,0.06
1354,0.05,0.06
1355,0.05,0.06
1356,0.05,0.06
1357,0.05,0.06
1358,0.05,0.06
1359,0.05,0.06
1360,0.05,0.06
1361,0.05,0.06
1362,0.05,0.06
1363,0.05,0.06
1364,0.05,0.06
1365,0.05,0.06
1366,0.05,0.06
1367,0.05,0.06
1368,0.05,0.06
1369,0.05,0.06
1370,0.05,0.06
1371,0.05,0.06
1372,0.05,0.05
1373,0.05,0.05
1374,0.05,0.05
1375,0.05,0.05
1376,0.05,0.05
1377,0.05,0.05
1378,0.05,0.05
1379,0.05,0.05
1380,0.05,0.05
1381,0.05,0.05
1382,0.05,0.05
1383,0.05,0.05
1384,0.05,0.05
1385,0.05,0.05
1386,0.05,0.05
1387,0.05,0.05
1388,0.05,0.05
1389,0.05,0.05
1390,0.05,0.05
1391,0.05,0.05
1392,0.05,0.05
1393,0.05,0.05
1394,0.05,0.05
1395,0.05,0.05
1396,0.05,0.05
1397,0.05,0.05
1398,0.05,0.05
1399,0.05,0.05
1400,0.05,0.05
1401,0.05,0.05
1402,0.05,0.05
1403,0.05,0.05
1404,0.05,0.05
1405,0.05,0.05
1406,0.05,0.05
1407,0.04,0.05
1408,0.04,0.05
1409,0.04,0.05
1410,0.04,0.05
1411,0.04,0.05
1412,0.04,0.05
1413,0.04,0.05
1414,0.04,0.05
1415,0.04,0.05
1416,0.04,0.05
1417,0.04,0.05
1418,0.04,0.05
1419,0.04,0.05
1420,0.04,0.05
1421,0.04,0.05
1422,0.04,0.05
1423,0.04,0.05
1424,0.04,0.05
1425,0.04,0.05
1426,0.04,0.05
1427,0.04,0.05
1428,0.04,0.05
1429,0.04,0.05
1430,0.04,0.05
1431,0.04,0.05
1432,0.04,0.05
1433,0.04,0.05
1434,0.04,0.05
1435,0.04,0.05
1436,0.04,0.05
1437,0.04,0.05
1438,0.04,0.05
1439,0.04,0.05
1440,0.04,0.05
1441,0.04,0.05
1442,0.04,0.05
1443,0.04,0.05
1444,0.04,0.05
1445,0.04,0.05
1446,0.04,0.05
1447,0.04,0.05
1448,0.04,0.05
1449,0.04,0.05
1450,0.04,0.05
1451,0.04,0.05
1452,0.04,0.05
1453,0.04,0.05
1454,0.04,0.05
1455,0.04,0.05
1456,0.04,0.05
1457,0.04,0.05
1458,0.04,0.05
1459,0.04,0.05
1460,0.04,0.05
1461,0.04,0.05
1462,0.04,0.05
1463,0.04,0.06
1464,0.04,0.06
1465,0.04,0.06
1466,0.04,0.06
1467,0.04,0.06
1468,0.04,0.06
1469,0.04,0.06
1470,0.04,0.06
1471,0.04,0.07
1472,0.04,0.07
1473,0.04,0.07
1474,0.04,0.06
1475,0.04,0.06
1476,0.04,0.06
1477,0.04,0.06
1478,0.04,0.06
1479,0.04,0.06
1480,0.04,0.06
1481,0.04,0.06
1482,0.04,0.06
1483,0.04,0.06
1484,0.04,0.06
1485,0.04,0.06
1486,0.04,0.06
1487,0.04,0.06
1488,0.04,0.06
1489,0.04,0.06
1490,0.04,0.06
1491,0.04,0.06
1492,0.04,0.06
1493,0.04,0.06
1494,0.04,0.06
1495,0.04,0.06
1496,0.04,0.06
1497,0.04,0.06
1498,0.03,0.06
1499,0.03,0.06
1500,0.03,0.06
1501,0.03,0.06
1502,0.03,0.06
1503,0.03,0.06
1504,0.03,0.06
1505,0.03,0.06
1506,0.03,0.06
1507,0.03,0.06
1508,0.03,0.06
1509,0.03,0.06
1510,0.03,0.05
1511,0.03,0.05
1512,0.03,0.05
1513,0.03,0.05
1514,0.03,0.05
1515,0.03,0.05
1516,0.03,0.05
1517,0.03,0.05
1518,0.03,0.05
1519,0.03,0.05
1520,0.03,0.05
1521,0.03,0.05
1522,0.03,0.05
1523,0.03,0.05
1524,0.03,0.05
1525,0.03,0.05
1526,0.03,0.05
1527,0.03,0.05
1528,0.03,0.05
1529,0.03,0.05
1530,0.03,0.05
1531,0.03,0.05
1532,0.03,0.05
1533,0.03,0.05
1534,0.03,0.05
1535,0.03,0.05
1536,0.03,0.05
1537,0.03,0.05
1538,0.03,0.05
1539,0.03,0.05
1540,0.03,0.05
1541,0.03,0.05
1542,0.03,0.05
1543,0.03,0.05
1544,0.03,0.05
1545,0.03,0.05
1546,0.03,0.05
1547,0.03,0.05
1548,0.03,0.05
1549,0.03,0.05
1550,0.03,0.05
1551,0.03,0.05
1552,0.03,0.05
1553,0.03,0.05
1554,0.03,0.05
1555,0.03,0.05
1556,0.03,0.05
1557,0.03,0.05
1558,0.03,0.05
1559,0.03,0.05
1560,0.03,0.05
1561,0.03,0.05
1562,0.03,0.05
1563,0.03,0.05
1564,0.03,0.05
1565,0.03,0.05
1566,0.03,0.04
1567,0.03,0.04
1568,0.03,0.04
1569,0.03,0.04
1570,0.03,0.04
1571,0.03,0.04
1572,0.03,0.04
1573,0.03,0.04
1574,0.03,0.04
1575,0.03,0.04
1576,0.03,0.04
1577,0.03,0.04
1578,0.03,0.04
1579,0.02,0.04
1580,0.02,0.04
1581,0.02,0.04
1582,0.02,0.04
1583,0.02,0.04
1584,0.02,0.04
1585,0.02,0.04
1586,0.02,0.04
1587,0.02,0.04
1588,0.02,0.04
1589,0.02,0.04
1590,0.02,0.04
1591,0.02,0.04
1592,0.02,0.04
1593,0.02,0.04
1594,0.02,0.04
1595,0.02,0.04
1596,0.02,0.04
1597,0.01,0.04
1598,0.01,0.04
1599,0.01,0.04
1600,0.01,0.04
1601,0.01,0.04
1602,0.0,0.04
1603,0.0,0.04
1604,0.0,0.04
1605,0.0,0.04
1606,0.0,0.04
1607,0.0,0.04
1608,0.0,0.04
1609,0.0,0.04
1610,0.0,0.04
1611,0.0,0.04
1612,0.0,0.04
1613,0.0,0.04
1614,0.0,0.04
1615,0.0,0.04
1616,0.0,0.04
1617,0.0,0.04
1618,0.0,0.04
1619,0.0,0.04
1620,0.0,0.04
1621,0.0,0.04
1622,0.0,0.04
1623,0.0,0.04
1624,0.0,0.04
1625,0.0,0.04
1626,0.0,0.04
1627,0.0,0.04
1628,0.0,0.04
1629,0.0,0.04
1630,0.0,0.04
1631,0.0,0.04
1632,0.0,0.04
1633,0.0,0.04
1634,0.0,0.04
1635,0.0,0.04
1636,0.0,0.04
1637,0.0,0.04
1638,0.0,0.04
1639,0.0,0.04
1640,0.0,0.04
1641,0.0,0.04
1642,0.0,0.04
1643,0.0,0.04
1644,0.0,0.04
1645,0.0,0.04
1646,0.0,0.04
1647,0.0,0.04
1648,0.0,0.04
1649,0.0,0.04
1650,0.0,0.04
1651,0.0,0.04
1652,0.0,0.04
1653,0.0,0.04
1654,0.0,0.04
1655,0.0,0.04
1656,0.0,0.04
1657,0.0,0.04
1658,0.0,0.04
1659,0.0,0.04
1660,0.0,0.04
1661,0.0,0.04
1662,0.0,0.04
1663,0.0,0.04
1664,0.0,0.04
1665,0.0,0.04
1666,0.0,0.04
1667,0.0,0.04
1668,0.0,0.04
1669,0.0,0.05
1670,0.0,0.05
1671,0.0,0.05
1672,0.0,0.05
1673,0.0,0.05
1674,0.0,0.05
1675,0.0,0.05
1676,0.0,0.05
1677,0.0,0.05
1678,0.0,0.05
1679,0.0,0.05
1680,0.0,0.05
1681,0.0,0.05
1682,0.0,0.05
1683,0.0,0.05
1684,0.0,0.05
1685,0.0,0.05
1686,0.0,0.05
1687,0.0,0.05
1688,0.0,0.05
1689,0.0,0.05
1690,0.0,0.05
1691,0.0,0.05
1692,0.0,0.05
1693,0.0,0.05
1694,0.0,0.05
1695,0.0,0.05
1696,0.0,0.05
1697,0.0,0.05
1698,0.0,0.05
1699,0.0,0.05
1700,0.0,0.05
1701,0.0,0.05
1702,0.0,0.05
1703,0.0,0.05
1704,0.0,0.05
1705,0.0,0.05
1706,0.0,0.05
1707,0.0,0.05
1708,0.0,0.05
1709,0.0,0.05
1710,0.0,0.05
1711,0.0,0.04
1712,0.0,0.04
1713,0.0,0.04
1714,0.0,0.04
1715,0.0,0.04
1716,0.0,0.04
1717,0.0,0.04
1718,0.0,0.04
1719,0.0,0.04
1720,0.0,0.04
1721,0.0,0.04
1722,0.0,0.04
1723,0.0,0.04
1724,0.0,0.04
1725,0.0,0.04
1726,0.0,0.04
1727,0.0,0.04
1728,0.0,0.04
1729,0.0,0.04
1730,0.0,0.04
1731,0.0,0.04
1732,0.0,0.04
1733,0.0,0.04
1734,0.0,0.04
1735,0.0,0.04
1736,0.0,0.04
1737,0.0,0.04
1738,0.0,0.04
1739,0.0,0.04
1740,0.0,0.04
1741,0.0,0.04
1742,0.0,0.04
1743,0.0,0.04
1744,0.0,0.04
1745,0.0,0.04
1746,0.0,0.04
1747,0.0,0.04
1748,0.0,0.04
1749,0.0,0.04
1750,0.0,0.04
1751,0.0,0.04
1752,0.0,0.04
1753,0.0,0.04
1754,0.0,0.04
1755,0.0,0.04
1756,0.0,0.04
1757,0.0,0.05
1758,0.0,0.05
1759,0.0,0.05
1760,0.0,0.05
1761,0.0,0.05
1762,0.0,0.05
1763,0.0,0.04
1764,0.0,0.04
1765,0.0,0.04
1766,0.0,0.04
1767,0.0,0.04
1768,0.0,0.04
1769,0.0,0.04
1770,0.0,0.04
1771,0.0,0.04
1772,0.0,0.03
1773,0.0,0.03
1774,0.0,0.03
1775,0.0,0.03
1776,0.0,0.03
1777,0.0,0.03
1778,0.0,0.03
1779,0.0,0.03
1780,0.0,0.03
1781,0.0,0.03
1782,0.0,0.03
1783,0.0,0.03
1784,0.0,0.03
1785,0.0,0.03
1786,0.0,0.03
1787,0.0,0.03
1788,0.0,0.03
1789,0.0,0.03
1790,0.0,0.03
1791,0.0,0.03
1792,0.0,0.03
1793,0.0,0.03
1794,0.0,0.03
1795,0.0,0.03
1796,0.0,0.03
1797,0.0,0.03
1798,0.0,0.03
1799,0.0,0.03
1800,0.0,0.03
1801,0.0,0.03
1802,0.0,0.03
1803,0.0,0.03
1804,0.0,0.03
1805,0.0,0.03
1806,0.0,0.03
1807,0.0,0.03
1808,0.0,0.03
1809,0.0,0.03
1810,0.0,0.03
1811,0.0,0.03
1812,0.0,0.03
1813,0.0,0.03
1814,0.0,0.03
1815,0.0,0.03
1816,0.0,0.03
1817,0.0,0.03
1818,0.0,0.03
1819,0.0,0.03
1820,0.0,0.03
1821,0.0,0.03
1822,0.0,0.03
1823,0.0,0.03
1824,0.0,0.03
1825,0.0,0.03
1826,0.0,0.03
1827,0.0,0.03
1828,0.0,0.03
1829,0.0,0.03
1830,0.0,0.03
1831,0.0,0.03
1832,0.0,0.03
1833,0.0,0.03
1834,0.0,0.03
1835,0.0,0.03
1836,0.0,0.03
1837,0.0,0.03
1838,0.0,0.03
1839,0.0,0.03
1840,0.0,0.03
1841,0.0,0.03
1842,0.0,0.03
1843,0.0,0.03
1844,0.0,0.03
1845,0.0,0.03
1846,0.0,0.03
1847,0.0,0.03
1848,0.0,0.03
1849,0.0,0.03
1850,0.0,0.03
1851,0.0,0.03
1852,0.0,0.03
1853,0.0,0.03
1854,0.0,0.03
1855,0.0,0.03
1856,0.0,0.03
1857,0.0,0.03
1858,0.0,0.03
1859,0.0,0.03
1860,0.0,0.03
1861,0.0,0.03
1862,0.0,0.03
1863,0.0,0.03
1864,0.0,0.04
1865,0.0,0.04
1866,0.0,0.04
1867,0.0,0.04
1868,0.0,0.04
1869,0.0,0.04
1870,0.0,0.04
1871,0.0,0.04
1872,0.0,0.05
1873,0.0,0.05
1874,0.0,0.05
1875,0.0,0.05
1876,0.0,0.05
1877,0.0,0.05
1878,0.0,0.05
1879,0.0,0.05
1880,0.0,0.05
1881,0.0,0.05
1882,0.0,0.05
1883,0.0,0.05
1884,0.0,0.05
1885,0.0,0.05
1886,0.0,0.05
1887,0.0,0.05
1888,0.0,0.05
1889,0.0,0.05
1890,0.0,0.05
1891,0.0,0.05
1892,0.0,0.05
1893,0.0,0.05
1894,0.0,0.05
1895,0.0,0.05
1896,0.0,0.05
1897,0.0,0.05
1898,0.0,0.05
1899,0.0,0.05
1900,0.0,0.05
1901,0.0,0.05
1902,0.0,0.05
1903,0.0,0.05
1904,0.0,0.05
1905,0.0,0.05
1906,0.0,0.05
1907,0.0,0.05
1908,0.0,0.05
1909,0.0,0.05
1910,0.0,0.05
1911,0.0,0.05
1912,0.0,0.05
1913,0.0,0.05
1914,0.0,0.05
1915,0.0,0.05
1916,0.0,0.05
1917,0.0,0.05
1918,0.0,0.05
1919,0.0,0.05
1920,0.0,0.05
1921,0.0,0.05
1922,0.0,0.05
1923,0.0,0.05
1924,0.0,0.05
1925,0.0,0.05
1926,0.0,0.05
1927,0.0,0.05
1928,0.0,0.05
1929,0.0,0.05
1930,0.0,0.05
1931,0.0,0.05
1932,0.0,0.05
1933,0.0,0.05
1934,0.0,0.04
1935,0.0,0.04
1936,0.0,0.04
1937,0.0,0.04
1938,0.0,0.04
1939,0.0,0.04
1940,0.0,0.05
1941,0.0,0.05
1942,0.0,0.05
1943,0.0,0.05
1944,0.0,0.05
1945,0.0,0.05
1946,0.0,0.05
1947,0.0,0.05
1948,0.0,0.05
1949,0.0,0.05
1950,0.0,0.05
1951,0.0,0.05
1952,0.0,0.05
1953,0.0,0.05
1954,0.0,0.05
1955,0.0,0.05
1956,0.0,0.05
1957,0.0,0.05
1958,0.0,0.05
1959,0.0,0.05
1960,0.0,0.05
1961,0.0,0.05
1962,0.0,0.05
1963,0.0,0.05
1964,0.0,0.05
1965,0.0,0.05
1966,0.0,0.05
1967,0.0,0.05
1968,0.0,0.05
1969,0.0,0.05
1970,0.0,0.05
1971,0.0,0.05
1972,0.0,0.05
1973,0.0,0.05
1974,0.0,0.05
1975,0.0,0.05
1976,0.0,0.05
1977,0.0,0.05
1978,0.0,0.05
1979,0.0,0.05
1980,0.0,0.05
1981,0.0,0.05
1982,0.0,0.05
1983,0.0,0.05
1984,0.0,0.05
1985,0.0,0.05
1986,0.0,0.05
1987,0.0,0.05
1988,0.0,0.05
1989,0.0,0.05
1990,0.0,0.05
1991,0.0,0.05
1992,0.0,0.05
1993,0.0,0.05
1994,0.0,0.05
1995,0.0,0.05
1996,0.0,0.05
1997,0.0,0.05
1998,0.0,0.05
1999,0.0,0.05
2000,0.0,0.05
2001,0.0,0.05
2002,0.0,0.05
2003,0.0,0.05
2004,0.0,0.05
2005,0.0,0.05
2006,0.0,0.05
2007,0.0,0.05
2008,0.0,0.05
2009,0.0,0.05
2010,0.0,0.06
2011,0.0,0.06
2012,0.0,0.06
2013,0.0,0.06
2014,0.0,0.06
2015,0.0,0.06
2016,0.0,0.06
2017,0.0,0.06
2018,0.0,0.06
2019,0.0,0.06
2020,0.0,0.06
2021,0.0,0.06
2022,0.0,0.06
2023,0.0,0.06
2024,0.0,0.06
2025,0.0,0.06
2026,0.0,0.06
2027,0.0,0.06
2028,0.0,0.06
2029,0.0,0.06
2030,0.0,0.06
2031,0.0,0.06
2032,0.0,0.06
2033,0.0,0.06
2034,0.0,0.06
2035,0.0,0.06
2036,0.0,0.06
2037,0.0,0.06
2038,0.0,0.06
2039,0.0,0.06
2040,0.0,0.06
2041,0.0,0.06
2042,0.0,0.06
2043,0.0,0.06
2044,0.0,0.06
2045,0.0,0.07
2046,0.0,0.07
2047,0.0,0.07
2048,0.0,0.07
2049,0.0,0.07
2050,0.0,0.07
2051,0.0,0.07
2052,0.0,0.07
2053,0.0,0.07
2054,0.0,0.07
2055,0.0,0.07
2056,0.0,0.07
2057,0.0,0.07
2058,0.0,0.07
2059,0.0,0.07
2060,0.0,0.07
2061,0.0,0.07
2062,0.0,0.07
2063,0.0,0.07
2064,0.0,0.07
2065,0.0,0.07
2066,0.0,0.07
2067,0.0,0.07
2068,0.0,0.07
2069,0.0,0.07
2070,0.0,0.07
2071,0.0,0.07
2072,0.0,0.07
2073,0.0,0.07
2074,0.0,0.07
2075,0.0,0.07
2076,0.0,0.07
2077,0.0,0.07
2078,0.0,0.07
2079,0.0,0.07
2080,0.0,0.07
2081,0.0,0.07
2082,0.0,0.07
2083,0.0,0.07
2084,0.0,0.07
2085,0.0,0.07
2086,0.0,0.07
2087,0.0,0.07
2088,0.0,0.07
2089,0.0,0.07
2090,0.0,0.07
2091,0.0,0.07
2092,0.0,0.07
2093,0.0,0.07
2094,0.0,0.07
2095,0.0,0.07
2096,0.0,0.07
2097,0.0,0.07
2098,0.0,0.07
2099,0.0,0.07
2100,0.0,0.07
2101,0.0,0.07
2102,0.0,0.07
2103,0.0,0.07
2104,0.0,0.07
2105,0.0,0.07
2106,0.0,0.07
2107,0.0,0.07
2108,0.0,0.07
2109,0.0,0.07
2110,0.0,0.07
2111,0.0,0.07
2112,0.0,0.07
2113,0.0,0.07
2114,0.0,0.07
2115,0.0,0.07
2116,0.0,0.07
2117,0.0,0.07
2118,0.0,0.07
2119,0.0,0.07
2120,0.0,0.07
2121,0.0,0.07
2122,0.0,0.07
2123,0.0,0.07
2124,0.0,0.07
2125,0.0,0.07
2126,0.0,0.07
2127,0.0,0.07
2128,0.0,0.07
2129,0.0,0.07
2130,0.0,0.07
2131,0.0,0.07
2132,0.0,0.07
2133,0.0,0.07
2134,0.0,0.07
2135,0.0,0.07
2136,0.0,0.07
2137,0.0,0.07
2138,0.0,0.07
2139,0.0,0.07
2140,0.0,0.07
2141,0.0,0.07
2142,0.0,0.07
2143,0.0,0.07
2144,0.0,0.07
2145,0.0,0.07
2146,0.0,0.07
2147,0.0,0.07
2148,0.0,0.07
2149,0.0,0.07
2150,0.0,0.07
2151,0.0,0.07
2152,0.0,0.07
2153,0.0,0.07
2154,0.0,0.07
2155,0.0,0.07
2156,0.0,0.07
2157,0.0,0.07
2158,0.0,0.07
2159,0.0,0.07
2160,0.0,0.07
2161,0.0,0.07
2162,0.0,0.06
2163,0.0,0.06
2164,0.0,0.06
2165,0.0,0.06
2166,0.0,0.06
2167,0.0,0.07
2168,0.0,0.07
2169,0.0,0.07
2170,0.0,0.07
2171,0.0,0.07
2172,0.0,0.07
2173,0.0,0.07
2174,0.0,0.07
2175,0.0,0.07
2176,0.0,0.07
2177,0.0,0.07
2178,0.0,0.07
2179,0.0,0.07
2180,0.0,0.07
2181,0.0,0.07
2182,0.0,0.07
2183,0.0,0.07
2184,0.0,0.07
2185,0.0,0.07
2186,0.0,0.07
2187,0.0,0.07
2188,0.0,0.07
2189,0.0,0.07
2190,0.0,0.07
2191,0.0,0.07
2192,0.0,0.07
2193,0.0,0.07
2194,0.0,0.07
2195,0.0,0.07
2196,0.0,0.07
2197,0.0,0.07
2198,0.0,0.07
2199,0.0,0.07
2200,0.0,0.07
2201,0.0,0.08
2202,0.0,0.08
2203,0.0,0.08
2204,0.0,0.08
2205,0.0,0.08
2206,0.0,0.08
2207,0.0,0.08
2208,0.0,0.08
2209,0.0,0.08
2210,0.0,0.08
2211,0.0,0.08
2212,0.0,0.08
2213,0.0,0.08
2214,0.0,0.08
2215,0.0,0.08
2216,0.0,0.08
2217,0.0,0.08
2218,0.0,0.08
2219,0.0,0.08
2220,0.0,0.08
2221,0.0,0.08
2222,0.0,0.08
2223,0.0,0.08
2224,0.0,0.08
2225,0.0,0.08
2226,0.0,0.08
2227,0.0,0.08
2228,0.0,0.08
2229,0.0,0.08
2230,0.0,0.08
2231,0.0,0.07
2232,0.0,0.07
2233,0.0,0.07
2234,0.0,0.07
2235,0.0,0.07
2236,0.0,0.07
2237,0.0,0.07
2238,0.0,0.07
2239,0.0,0.07
2240,0.0,0.07
2241,0.0,0.07
2242,0.0,0.07
2243,0.0,0.07
2244,0.0,0.07
2245,0.0,0.07
2246,0.0,0.07
2247,0.0,0.07
2248,0.0,0.07
2249,0.0,0.07
2250,0.0,0.07
2251,0.0,0.07
2252,0.0,0.07
2253,0.0,0.07
2254,0.0,0.08
2255,0.0,0.08
2256,0.0,0.08
2257,0.0,0.08
2258,0.0,0.08
2259,0.0,0.08
2260,0.0,0.08
2261,0.0,0.08
2262,0.0,0.08
2263,0.0,0.08
2264,0.0,0.08
2265,0.0,0.08
2266,0.0,0.08
2267,0.0,0.08
2268,0.0,0.08
2269,0.0,0.08
2270,0.0,0.08
2271,0.0,0.08
2272,0.0,0.08
2273,0.0,0.08
2274,0.0,0.08
2275,0.0,0.08
2276,0.0,0.08
2277,0.0,0.08
2278,0.0,0.08
2279,0.0,0.08
2280,0.0,0.08
2281,0.0,0.08
2282,0.0,0.08
2283,0.0,0.08
2284,0.0,0.08
2285,0.0,0.08
2286,0.0,0.08
2287,0.0,0.08
2288,0.0,0.08
2289,0.0,0.08
2290,0.0,0.08
2291,0.0,0.08
2292,0.0,0.08
2293,0.0,0.08
2294,0.0,0.08
2295,0.0,0.08
2296,0.0,0.08
2297,0.0,0.08
2298,0.0,0.08
2299,0.0,0.08
2300,0.0,0.08
2301,0.0,0.08
2302,0.0,0.08
2303,0.0,0.08
2304,0.0,0.08
2305,0.0,0.08
2306,0.0,0.07
2307,0.0,0.07
2308,0.0,0.07
2309,0.0,0.07
2310,0.0,0.07
2311,0.0,0.07
2312,0.0,0.07
2313,0.0,0.07
2314,0.0,0.07
2315,0.0,0.07
2316,0.0,0.07
2317,0.0,0.07
2318,0.0,0.07
2319,0.0,0.07
2320,0.0,0.07
2321,0.0,0.07
2322,0.0,0.07
2323,0.0,0.07
2324,0.0,0.07
2325,0.0,0.07
2326,0.0,0.07
2327,0.0,0.07
2328,0.0,0.07
2329,0.0,0.07
2330,0.0,0.07
2331,0.0,0.07
2332,0.0,0.07
2333,0.0,0.07
2334,0.0,0.07
2335,0.0,0.07
2336,0.0,0.07
2337,0.0,0.07
2338,0.0,0.07
2339,0.0,0.07
2340,0.0,0.07
2341,0.0,0.07
2342,0.0,0.07
2343,0.0,0.07
2344,0.0,0.07
2345,0.0,0.07
2346,0.0,0.07
2347,0.0,0.07
2348,0.0,0.07
2349,0.0,0.07
2350,0.0,0.07
2351,0.0,0.07
2352,0.0,0.07
2353,0.0,0.07
2354,0.0,0.07
2355,0.0,0.07
2356,0.0,0.06
2357,0.0,0.06
2358,0.0,0.06
2359,0.0,0.06
2360,0.0,0.06
2361,0.0,0.06
2362,0.0,0.06
2363,0.0,0.06
2364,0.0,0.06
2365,0.0,0.06
2366,0.0,0.06
2367,0.0,0.06
2368,0.0,0.06
2369,0.0,0.07
2370,0.0,0.07
2371,0.0,0.07
2372,0.0,0.07
2373,0.0,0.07
2374,0.0,0.07
2375,0.0,0.07
2376,0.0,0.07
2377,0.0,0.07
2378,0.0,0.08
2379,0.0,0.08
2380,0.0,0.08
2381,0.0,0.08
2382,0.0,0.08
2383,0.0,0.08
2384,0.0,0.08
2385,0.0,0.08
2386,0.0,0.08
2387,0.0,0.08
2388,0.0,0.08
2389,0.0,0.08
2390,0.0,0.08
2391,0.0,0.08
2392,0.0,0.09
2393,0.0,0.09
2394,0.0,0.09
2395,0.0,0.09
2396,0.0,0.09
2397,0.0,0.09
2398,0.0,0.09
2399,0.0,0.09
2400,0.0,0.08
2401,0.0,0.08
2402,0.0,0.07
2403,0.0,0.07
2404,0.0,0.07
2405,0.0,0.07
2406,0.0,0.07
2407,0.0,0.07
2408,0.0,0.06
2409,0.0,0.06
2410,0.0,0.06
2411,0.0,0.05
2412,0.0,0.06
2413,0.0,0.06
2414,0.0,0.06
2415,0.0,0.06
2416,0.0,0.06
2417,0.0,0.06
2418,0.0,0.06
2419,0.0,0.06
2420,0.0,0.06
2421,0.0,0.06
2422,0.0,0.06
2423,0.0,0.06
2424,0.0,0.06
2425,0.0,0.06
2426,0.0,0.06
2427,0.0,0.06
2428,0.0,0.06
2429,0.0,0.06
2430,0.0,0.06
2431,0.0,0.06
2432,0.0,0.06
2433,0.0,0.06
2434,0.0,0.06
2435,0.0,0.06
2436,0.0,0.06
2437,0.0,0.06
2438,0.0,0.05
2439,0.0,0.05
2440,0.0,0.04
2441,0.0,0.04
2442,0.0,0.04
2443,0.0,0.04
2444,0.0,0.04
2445,0.0,0.04
2446,0.0,0.04
2447,0.0,0.04
2448,0.0,0.04
2449,0.0,0.04
2450,0.0,0.04
2451,0.0,0.04
2452,0.0,0.04
2453,0.0,0.04
2454,0.0,0.04
2455,0.0,0.04
2456,0.0,0.04
2457,0.0,0.04
2458,0.0,0.04
2459,0.0,0.04
2460,0.0,0.04
2461,0.0,0.04
2462,0.0,0.04
2463,0.0,0.04
2464,0.0,0.04
2465,0.0,0.04
2466,0.0,0.04
2467,0.0,0.04
2468,0.0,0.04
2469,0.0,0.04
2470,0.0,0.04
2471,0.0,0.04
2472,0.0,0.04
2473,0.0,0.04
2474,0.0,0.04
2475,0.0,0.04
2476,0.0,0.04
2477,0.0,0.04
2478,0.0,0.04
2479,0.0,0.04
2480,0.0,0.04
2481,0.0,0.04
2482,0.0,0.04
2483,0.0,0.04
2484,0.0,0.04
2485,0.0,0.04
2486,0.0,0.04
2487,0.0,0.04
2488,0.0,0.04
2489,0.0,0.04
2490,0.0,0.04
2491,0.0,0.04
2492,0.0,0.04
2493,0.0,0.04
2494,0.0,0.04
2495,0.0,0.04
2496,0.0,0.04
2497,0.0,0.04
2498,0.0,0.04
2499,0.0,0.04
2500,0.0,0.04
2501,0.0,0.04
2502,0.0,0.04
2503,0.0,0.04
2504,0.0,0.04
2505,0.0,0.04
2506,0.0,0.04
2507,0.0,0.04
2508,0.0,0.04
2509,0.0,0.04
2510,0.0,0.04
2511,0.0,0.04
2512,0.0,0.04
2513,0.0,0.04
2514,0.0,0.04
2515,0.0,0.04
2516,0.0,0.04
2517,0.0,0.04
2518,0.0,0.04
2519,0.0,0.04
2520,0.0,0.04
2521,0.0,0.04
2522,0.0,0.04
2523,0.0,0.04
2524,0.0,0.04
2525,0.0,0.04
2526,0.0,0.04
2527,0.0,0.04
2528,0.0,0.04
2529,0.0,0.04
2530,0.0,0.04
2531,0.0,0.04
2532,0.0,0.04
2533,0.0,0.04
2534,0.0,0.04
2535,0.0,0.04
2536,0.0,0.04
2537,0.0,0.04
2538,0.0,0.03
2539,0.0,0.03
2540,0.0,0.03
2541,0.0,0.03
2542,0.0,0.03
2543,0.0,0.03
2544,0.0,0.03
2545,0.0,0.03
2546,0.0,0.03
2547,0.0,0.03
2548,0.0,0.03
2549,0.0,0.03
2550,0.0,0.03
2551,0.0,0.03
2552,0.0,0.03
2553,0.0,0.03
2554,0.0,0.03
2555,0.0,0.03
2556,0.0,0.03
2557,0.0,0.03
2558,0.0,0.03
2559,0.0,0.03
2560,0.0,0.03
2561,0.0,0.03
2562,0.0,0.03
2563,0.0,0.03
2564,0.0,0.03
2565,0.0,0.03
2566,0.0,0.03
2567,0.0,0.03
2568,0.0,0.03
2569,0.0,0.03
2570,0.0,0.03
2571,0.0,0.03
2572,0.0,0.03
2573,0.0,0.03
2574,0.0,0.03
2575,0.0,0.03
2576,0.0,0.03
2577,0.0,0.03
2578,0.0,0.03
2579,0.0,0.03
2580,0.0,0.03
2581,0.0,0.03
2582,0.0,0.03
2583,0.0,0.03
2584,0.0,0.03
2585,0.0,0.03
2586,0.0,0.03
2587,0.0,0.03
2588,0.0,0.03
2589,0.0,0.03
2590,0.0,0.03
2591,0.0,0.03
2592,0.0,0.03
2593,0.0,0.03
2594,0.0,0.03
2595,0.0,0.03
2596,0.0,0.03
2597,0.0,0.03
2598,0.0,0.03
2599,0.0,0.03
2600,0.0,0.03
2601,0.0,0.03
2602,0.0,0.03
2603,0.0,0.03
2604,0.0,0.03
2605,0.0,0.03
2606,0.0,0.03
2607,0.0,0.03
2608,0.0,0.03
2609,0.0,0.03
2610,0.0,0.03
2611,0.0,0.03
2612,0.0,0.03
2613,0.0,0.03
2614,0.0,0.03
2615,0.0,0.03
2616,0.0,0.03
2617,0.0,0.03
2618,0.0,0.03
2619,0.0,0.03
2620,0.0,0.03
2621,0.0,0.03
2622,0.0,0.03
2623,0.0,0.03
2624,0.0,0.03
2625,0.0,0.03
2626,0.0,0.03
2627,0.0,0.03
2628,0.0,0.03
2629,0.0,0.03
2630,0.0,0.03
2631,0.0,0.03
2632,0.0,0.03
2633,0.0,0.03
2634,0.0,0.03
2635,0.0,0.03
2636,0.0,0.03
2637,0.0,0.03
2638,0.0,0.03
2639,0.0,0.03
2640,0.0,0.03
2641,0.0,0.03
2642,0.0,0.03
2643,0.0,0.03
2644,0.0,0.03
2645,0.0,0.03
2646,0.0,0.03
2647,0.0,0.03
2648,0.0,0.03
2649,0.0,0.03
2650,0.0,0.03
2651,0.0,0.03
2652,0.0,0.03
2653,0.0,0.03
2654,0.0,0.03
2655,0.0,0.03
2656,0.0,0.03
2657,0.0,0.03
2658,0.0,0.03
2659,0.0,0.03
2660,0.0,0.03
2661,0.0,0.03
2662,0.0,0.03
2663,0.0,0.03
2664,0.0,0.03
2665,0.0,0.03
2666,0.0,0.03
2667,0.0,0.03
2668,0.0,0.03
2669,0.0,0.03
2670,0.0,0.03
2671,0.0,0.03
2672,0.0,0.03
2673,0.0,0.03
2674,0.0,0.03
2675,0.0,0.03
2676,0.0,0.03
2677,0.0,0.03
2678,0.0,0.03
2679,0.0,0.03
2680,0.0,0.03
2681,0.0,0.03
2682,0.0,0.03
2683,0.0,0.03
2684,0.0,0.03
2685,0.0,0.03
2686,0.0,0.03
2687,0.0,0.03
2688,0.0,0.03
2689,0.0,0.03
2690,0.0,0.03
2691,0.0,0.03
2692,0.0,0.03
2693,0.0,0.03
2694,0.0,0.03
2695,0.0,0.03
2696,0.0,0.03
2697,0.0,0.03
2698,0.0,0.03
2699,0.0,0.04
2700,0.0,0.04
2701,0.0,0.04
2702,0.0,0.04
2703,0.0,0.04
2704,0.0,0.04
2705,0.0,0.04
2706,0.0,0.04
2707,0.0,0.04
2708,0.0,0.04
2709,0.0,0.04
2710,0.0,0.04
2711,0.0,0.04
2712,0.0,0.04
2713,0.0,0.04
2714,0.0,0.04
2715,0.0,0.04
2716,0.0,0.04
2717,0.0,0.04
2718,0.0,0.04
2719,0.0,0.04
2720,0.0,0.03
2721,0.0,0.03
2722,0.0,0.02
2723,0.0,0.02
2724,0.0,0.02
2725,0.0,0.02
2726,0.0,0.02
2727,0.0,0.02
2728,0.0,0.02
2729,0.0,0.02
2730,0.0,0.02
2731,0.0,0.02
2732,0.0,0.02
2733,0.0,0.02
2734,0.0,0.01
2735,0.0,0.01
2736,0.0,0.01
2737,0.0,0.01
2738,0.0,0.01
2739,0.0,0.01
2740,0.0,0.01
2741,0.0,0.01
2742,0.0,0.01
2743,0.0,0.01
2744,0.0,0.01
2745,0.0,0.01
2746,0.0,0.01
2747,0.0,0.01
2748,0.0,0.01
2749,0.0,0.01
2750,0.0,0.01
2751,0.0,0.01
2752,0.0,0.01
2753,0.0,0.01
2754,0.0,0.01
2755,0.0,0.01
2756,0.0,0.01
2757,0.0,0.01
2758,0.0,0.01
2759,0.0,0.01
2760,0.0,0.01
2761,0.0,0.01
2762,0.0,0.01
2763,0.0,0.01
2764,0.0,0.01
2765,0.0,0.01
2766,0.0,0.01
2767,0.0,0.01
2768,0.0,0.01
2769,0.0,0.01
2770,0.0,0.01
2771,0.0,0.01
2772,0.0,0.01
2773,0.0,0.01
2774,0.0,0.01
2775,0.0,0.01
2776,0.0,0.01
2777,0.0,0.01
2778,0.0,0.01
2779,0.0,0.01
2780,0.0,0.01
2781,0.0,0.01
2782,0.0,0.01
2783,0.0,0.01
2784,0.0,0.01
2785,0.0,0.01
2786,0.0,0.01
2787,0.0,0.01
2788,0.0,0.01
2789,0.0,0.01
2790,0.0,0.01
2791,0.0,0.01
2792,0.0,0.01
2793,0.0,0.01
2794,0.0,0.01
2795,0.0,0.01
2796,0.0,0.01
2797,0.0,0.01
2798,0.0,0.01
2799,0.0,0.01
2800,0.0,0.01
2801,0.0,0.01
2802,0.0,0.01
2803,0.0,0.01
2804,0.0,0.01
2805,0.0,0.01
2806,0.0,0.01
2807,0.0,0.01
2808,0.0,0.01
2809,0.0,0.01
2810,0.0,0.01
2811,0.0,0.01
2812,0.0,0.01
2813,0.0,0.01
2814,0.0,0.01
2815,0.0,0.01
2816,0.0,0.01
2817,0.0,0.01
2818,0.0,0.01
2819,0.0,0.01
2820,0.0,0.01
2821,0.0,0.01
2822,0.0,0.01
2823,0.0,0.01
2824,0.0,0.01
2825,0.0,0.01
2826,0.0,0.01
2827,0.0,0.01
2828,0.0,0.01
2829,0.0,0.01
2830,0.0,0.01
2831,0.0,0.01
2832,0.0,0.01
2833,0.0,0.01
2834,0.0,0.01
2835,0.0,0.01
2836,0.0,0.01
2837,0.0,0.01
2838,0.0,0.01
2839,0.0,0.01
2840,0.0,0.01
2841,0.0,0.01
2842,0.0,0.01
2843,0.0,0.01
2844,0.0,0.01
2845,0.0,0.01
2846,0.0,0.01
2847,0.0,0.01
2848,0.0,0.01
2849,0.0,0.01
2850,0.0,0.01
2851,0.0,0.01
2852,0.0,0.01
2853,0.0,0.01
2854,0.0,0.01
2855,0.0,0.01
2856,0.0,0.01
2857,0.0,0.01
2858,0.0,0.01
2859,0.0,0.01
2860,0.0,0.01
2861,0.0,0.01
2862,0.0,0.01
2863,0.0,0.01
2864,0.0,0.01
2865,0.0,0.01
2866,0.0,0.01
2867,0.0,0.01
2868,0.0,0.01
2869,0.0,0.01
2870,0.0,0.01
2871,0.0,0.01
2872,0.0,0.01
2873,0.0,0.01
2874,0.0,0.01
2875,0.0,0.01
2876,0.0,0.01
2877,0.0,0.01
2878,0.0,0.01
2879,0.0,0.01
2880,0.0,0.01
2881,0.0,0.01
2882,0.0,0.01
2883,0.0,0.01
2884,0.0,0.01
2885,0.0,0.01
2886,0.0,0.01
2887,0.0,0.01
2888,0.0,0.01
2889,0.0,0.01
2890,0.0,0.01
2891,0.0,0.01
2892,0.0,0.01
2893,0.0,0.01
2894,0.0,0.01
2895,0.0,0.01
2896,0.0,0.01
2897,0.0,0.01
2898,0.0,0.01
2899,0.0,0.01
2900,0.0,0.01
2901,0.0,0.01
2902,0.0,0.01
2903,0.0,0.01
2904,0.0,0.01
2905,0.0,0.02
2906,0.0,0.02
2907,0.0,0.02
2908,0.0,0.02
2909,0.0,0.02
2910,0.0,0.02
2911,0.0,0.02
2912,0.0,0.02
2913,0.0,0.02
2914,0.0,0.02
2915,0.0,0.02
2916,0.0,0.02
2917,0.0,0.02
2918,0.0,0.02
2919,0.0,0.02
2920,0.0,0.02
2921,0.0,0.02
2922,0.0,0.02
2923,0.0,0.02
2924,0.0,0.02
2925,0.0,0.02
2926,0.0,0.02
2927,0.0,0.02
2928,0.0,0.02
2929,0.0,0.02
2930,0.0,0.02
2931,0.0,0.02
2932,0.0,0.02
2933,0.0,0.02
2934,0.0,0.02
2935,0.0,0.02
2936,0.0,0.02
2937,0.0,0.02
2938,0.0,0.02
2939,0.0,0.01
2940,0.0,0.01
2941,0.0,0.01
2942,0.0,0.01
2943,0.0,0.01
2944,0.0,0.01
2945,0.0,0.01
2946,0.0,0.01
2947,0.0,0.01
2948,0.0,0.01
2949,0.0,0.01
2950,0.0,0.01
2951,0.0,0.01
2952,0.0,0.01
2953,0.0,0.01
2954,0.0,0.01
2955,0.0,0.01
2956,0.0,0.01
2957,0.0,0.01
2958,0.0,0.01
2959,0.0,0.01
2960,0.0,0.01
2961,0.0,0.01
2962,0.0,0.01
2963,0.0,0.01
2964,0.0,0.01
2965,0.0,0.01
2966,0.0,0.01
2967,0.0,0.01
2968,0.0,0.01
2969,0.0,0.01
2970,0.0,0.01
2971,0.0,0.01
2972,0.0,0.01
2973,0.0,0.01
2974,0.0,0.01
2975,0.0,0.01
2976,0.0,0.01
2977,0.0,0.01
2978,0.0,0.01
2979,0.0,0.01
2980,0.0,0.01
2981,0.0,0.01
2982,0.0,0.01
2983,0.0,0.01
2984,0.0,0.01
2985,0.0,0.01
2986,0.0,0.01
2987,0.0,0.01
2988,0.0,0.01
2989,0.0,0.01
2990,0.0,0.01
2991,0.0,0.01
2992,0.0,0.01
2993,0.0,0.01
2994,0.0,0.01
2995,0.0,0.01
2996,0.0,0.01
2997,0.0,0.01
2998,0.0,0.01
2999,0.0,0.01
3000,0.0,0.01
3001,0.0,0.01
3002,0.0,0.01
3003,0.0,0.01
3004,0.0,0.01
3005,0.0,0.01
3006,0.0,0.01
3007,0.0,0.01
3008,0.0,0.01
3009,0.0,0.01
3010,0.0,0.01
3011,0.0,0.01
3012,0.0,0.01
3013,0.0,0.01
3014,0.0,0.01
3015,0.0,0.01
3016,0.0,0.01
3017,0.0,0.01
3018,0.0,0.01
3019,0.0,0.01
3020,0.0,0.01
3021,0.0,0.01
3022,0.0,0.01
3023,0.0,0.01
3024,0.0,0.0
